Market,Ticker,Market Period,Number of observations,Variance Ratio statistic,Variance Ratio p-value,Variance Ratio result,Lag-1 autocorrelation,Autocorrelation p-value,Autocorrelation result,Runs Test statistic,Runs Test p-value,Runs Test result,Number of tests rejecting EMH
United States benchmark,SPY,Normal Pre-COVID Period,251,0.8885810391622175,0.07752876176041677,Fail to Reject EMH,-0.09647397652007565,0.12640451238846473,Fail to Reject EMH,-1.0619193169598964,0.2882723148385598,Fail to Reject EMH,0
United States benchmark,SPY,COVID Shock,292,0.6966773842073287,2.1813534953477042e-07,Reject EMH,-0.3050746550357213,1.8569270196270895e-07,Reject EMH,2.0378418164908565,0.0415657549077189,Reject EMH,3
United States benchmark,SPY,Post-COVID Recovery,190,0.556773604137357,0.07037891955682654,Fail to Reject EMH,-0.05422730234485043,0.4547788315022915,Fail to Reject EMH,0.40353956680716624,0.6865513333710882,Fail to Reject EMH,0
United States benchmark,SPY,Inflation / Interest Rate Shock,250,0.6466485897822306,0.4355895961720833,Fail to Reject EMH,0.007113867947656841,0.9104427249540168,Fail to Reject EMH,-0.2990598382928567,0.764894389098338,Fail to Reject EMH,0
United States benchmark,SPY,AI Market Period,501,0.7273102101982496,0.2194035592594491,Fail to Reject EMH,0.04063007745656442,0.36312624531748383,Fail to Reject EMH,-0.2954934935949759,0.7676169219249674,Fail to Reject EMH,0
United Kingdom,EWU,Normal Pre-COVID Period,251,1.1473078697098917,0.6386514528012883,Fail to Reject EMH,0.012668206834549545,0.8409314851878544,Fail to Reject EMH,1.469650334149522,0.14165648046781953,Fail to Reject EMH,0
United Kingdom,EWU,COVID Shock,292,0.8302653650175275,0.0037265496849908162,Reject EMH,-0.17182618888694254,0.0033229516005914422,Reject EMH,0.5720698064554081,0.5672746835032125,Fail to Reject EMH,2
United Kingdom,EWU,Post-COVID Recovery,190,0.6084051072160979,0.10989184484985565,Fail to Reject EMH,-0.11320052152564782,0.11867447578600086,Fail to Reject EMH,1.3695483877084496,0.17082792027733326,Fail to Reject EMH,0
United Kingdom,EWU,Inflation / Interest Rate Shock,250,0.8350817241721478,0.7159411252289147,Fail to Reject EMH,-0.009779830587405256,0.8771108900223124,Fail to Reject EMH,0.8918904841234154,0.3724516356406598,Fail to Reject EMH,0
United Kingdom,EWU,AI Market Period,501,0.6074283009732105,0.22011671356548274,Fail to Reject EMH,-0.04512861172605066,0.31244017834222754,Fail to Reject EMH,0.32755583088169393,0.7432475227711253,Fail to Reject EMH,0
Germany,EWG,Normal Pre-COVID Period,251,0.5726499340798351,0.34474929732512305,Fail to Reject EMH,-0.03111143021820114,0.6220848359713812,Fail to Reject EMH,-0.3184613752348587,0.7501349887859765,Fail to Reject EMH,0
Germany,EWG,COVID Shock,292,0.8727812980677984,0.029711584556748397,Reject EMH,-0.12930784473299403,0.027132003176131705,Reject EMH,1.3798382270695015,0.16763645972109764,Fail to Reject EMH,2
Germany,EWG,Post-COVID Recovery,190,0.24820699859344275,0.1481430591400252,Fail to Reject EMH,-0.03620682993919197,0.6177253449113006,Fail to Reject EMH,1.0199459082153741,0.3077541152341293,Fail to Reject EMH,0
Germany,EWG,Inflation / Interest Rate Shock,250,1.0307134959872744,0.6272344783105246,Fail to Reject EMH,0.027452073929222283,0.6642482112412631,Fail to Reject EMH,0.47266992619458376,0.6364486856693676,Fail to Reject EMH,0
Germany,EWG,AI Market Period,501,0.9546293688246753,0.3098522214548784,Fail to Reject EMH,-0.039350654709538274,0.37843319484206095,Fail to Reject EMH,0.7256101096379337,0.46807782174750645,Fail to Reject EMH,0
Japan,EWJ,Normal Pre-COVID Period,251,0.7196433027714979,0.042627372961957545,Reject EMH,-0.12553490555002966,0.046718100157717914,Reject EMH,-0.20258017834188383,0.8394631841501634,Fail to Reject EMH,2
Japan,EWJ,COVID Shock,292,0.8245292568209772,0.0027136079762504818,Reject EMH,-0.17647653211258305,0.002564440337977187,Reject EMH,2.2255235949586845,0.026046108969169025,Reject EMH,3
Japan,EWJ,Post-COVID Recovery,190,0.3171362406447009,0.1890037619239508,Fail to Reject EMH,-0.04219616451909014,0.5608132437042327,Fail to Reject EMH,2.198195589799785,0.027935170831752364,Reject EMH,1
Japan,EWJ,Inflation / Interest Rate Shock,250,0.9486565960110539,0.7109808478161286,Fail to Reject EMH,-0.015096092039631042,0.811345837300642,Fail to Reject EMH,-0.1347752438823237,0.8927895797454383,Fail to Reject EMH,0
Japan,EWJ,AI Market Period,501,0.474605102610416,0.1007770947317069,Fail to Reject EMH,-0.004796610807876896,0.9145012602310062,Fail to Reject EMH,0.8917199943147804,0.3725430338490394,Fail to Reject EMH,0
China,MCHI,Normal Pre-COVID Period,251,1.0669307553430425,0.28897058122310026,Fail to Reject EMH,0.0723043416729618,0.25199538688742296,Fail to Reject EMH,-0.8256278883181428,0.40901521004414415,Fail to Reject EMH,0
China,MCHI,COVID Shock,292,0.7556913248915297,2.983154701954176e-05,Reject EMH,-0.24247064286626016,3.422836611919687e-05,Reject EMH,2.0374773289031345,0.04160223157835859,Reject EMH,3
China,MCHI,Post-COVID Recovery,190,0.5237696022822521,0.1865595633036539,Fail to Reject EMH,-0.03635742841959887,0.6162637544942561,Fail to Reject EMH,1.1696873444630305,0.2421268129124014,Fail to Reject EMH,0
China,MCHI,Inflation / Interest Rate Shock,250,0.7595545639653397,0.2601702095769956,Fail to Reject EMH,-0.05641902522644091,0.37235910356284924,Fail to Reject EMH,0.17537575057893484,0.8607843935166578,Fail to Reject EMH,0
China,MCHI,AI Market Period,501,0.886179055156345,0.010844887343307585,Reject EMH,-0.10667664175281714,0.016952035032284294,Reject EMH,1.1930577902397452,0.23284674094186447,Fail to Reject EMH,2
India,INDA,Normal Pre-COVID Period,251,0.9030578880577762,0.1245747088709951,Fail to Reject EMH,-0.09425617794470556,0.1353590166226367,Fail to Reject EMH,1.2199751748152248,0.2224742859260272,Fail to Reject EMH,0
India,INDA,COVID Shock,292,0.6216312855298143,1.0091939045419165e-10,Reject EMH,-0.3796654135997178,8.714189756237435e-11,Reject EMH,1.2008412956831982,0.2298127695756938,Fail to Reject EMH,2
India,INDA,Post-COVID Recovery,190,0.731286971655584,0.6052353003350764,Fail to Reject EMH,0.03216848299395513,0.6574678026645264,Fail to Reject EMH,-1.617105239130968,0.10585556616486134,Fail to Reject EMH,0
India,INDA,Inflation / Interest Rate Shock,250,0.9220763953384224,0.21791906297845853,Fail to Reject EMH,-0.07992846096475514,0.2063090258238198,Fail to Reject EMH,-0.03258932361644904,0.9740020838293961,Fail to Reject EMH,0
India,INDA,AI Market Period,501,0.8418089134863292,0.00039892230798543404,Reject EMH,-0.15984207249776974,0.0003465649659703281,Reject EMH,0.6196927159134684,0.5354601121926554,Fail to Reject EMH,2
Brazil,EWZ,Normal Pre-COVID Period,251,0.9261333265863874,0.24189305727060706,Fail to Reject EMH,-0.07720191029467995,0.22128880034707804,Fail to Reject EMH,1.03136885472882,0.3023678804650405,Fail to Reject EMH,0
Brazil,EWZ,COVID Shock,292,0.6696000772076455,1.643419296678789e-08,Reject EMH,-0.33233448480177863,1.3553662900269509e-08,Reject EMH,2.879519436269229,0.003982817474099199,Reject EMH,3
Brazil,EWZ,Post-COVID Recovery,190,0.8302226611016748,0.01927242912190645,Reject EMH,-0.1685851709809578,0.020136954889110735,Reject EMH,2.5567941243101893,0.010564171992527068,Reject EMH,3
Brazil,EWZ,Inflation / Interest Rate Shock,250,1.097653447124676,0.12257947322118243,Fail to Reject EMH,0.09360146404590555,0.13888149487650728,Fail to Reject EMH,-0.5711844800632786,0.5678745974432124,Fail to Reject EMH,0
Brazil,EWZ,AI Market Period,501,0.824813625006177,0.43011868618611687,Fail to Reject EMH,0.015330901171477044,0.7314841056067577,Fail to Reject EMH,-0.22487112248824687,0.8220795348905207,Fail to Reject EMH,0
Australia,EWA,Normal Pre-COVID Period,251,0.896561765168185,0.10126120350652226,Fail to Reject EMH,-0.10471116338713138,0.09712852481352155,Fail to Reject EMH,1.8917371319062894,0.0585260133569464,Fail to Reject EMH,0
Australia,EWA,COVID Shock,292,0.6009867280674818,9.20973301192321e-12,Reject EMH,-0.4007126103845888,7.521469019842257e-12,Reject EMH,1.9278086444006912,0.053878932102722384,Fail to Reject EMH,2
Australia,EWA,Post-COVID Recovery,190,0.8769457666561106,0.0898507458241931,Fail to Reject EMH,-0.12215338034737189,0.09222648480513189,Fail to Reject EMH,2.0814545074156308,0.03739232397089877,Reject EMH,1
Australia,EWA,Inflation / Interest Rate Shock,250,1.133310902405743,0.6714794090156043,Fail to Reject EMH,0.006606021011176283,0.9168119570588137,Fail to Reject EMH,0.2671448995836938,0.7893575985006366,Fail to Reject EMH,0
Australia,EWA,AI Market Period,501,0.5843800465356568,0.194215102438684,Fail to Reject EMH,-0.02415955021639789,0.5886703143806394,Fail to Reject EMH,1.08570706638321,0.2776086133636381,Fail to Reject EMH,0
South Korea,EWY,Normal Pre-COVID Period,251,1.421306759114895,0.04805388160290428,Reject EMH,0.018210905682992128,0.7729525457288118,Fail to Reject EMH,0.5879774200636573,0.5565474489539091,Fail to Reject EMH,1
South Korea,EWY,COVID Shock,292,0.7319850612442623,4.653289174569349e-06,Reject EMH,-0.2689036825759417,4.3269086813812915e-06,Reject EMH,0.8342297337507864,0.4041515388737455,Fail to Reject EMH,2
South Korea,EWY,Post-COVID Recovery,190,0.393148272708396,0.09235498718610603,Fail to Reject EMH,-0.03427656623755681,0.6365914500259915,Fail to Reject EMH,0.39176218800209517,0.6952339358875038,Fail to Reject EMH,0
South Korea,EWY,Inflation / Interest Rate Shock,250,0.9176543382996518,0.5523257730788614,Fail to Reject EMH,-0.014579693224243823,0.8176836910460603,Fail to Reject EMH,0.3394396177910742,0.7342785775641087,Fail to Reject EMH,0
South Korea,EWY,AI Market Period,501,0.5745294758071336,0.18385489939024205,Fail to Reject EMH,0.008553157832628099,0.8481765109586412,Fail to Reject EMH,0.26968049529806176,0.78740606726019,Fail to Reject EMH,0
Canada,EWC,Normal Pre-COVID Period,251,1.0765873684385874,0.22498758466362176,Fail to Reject EMH,0.07638497170022036,0.22621537737971592,Fail to Reject EMH,-1.9500437040618055,0.05117091020380371,Fail to Reject EMH,0
Canada,EWC,COVID Shock,292,0.8429902250555974,0.007296843533973074,Reject EMH,-0.15942731448666778,0.006443889237122355,Reject EMH,0.8459526030546393,0.39757918560602407,Fail to Reject EMH,2
Canada,EWC,Post-COVID Recovery,190,0.48695164792976986,0.3237008841669494,Fail to Reject EMH,0.029651599268295584,0.682745822742632,Fail to Reject EMH,0.549640716411996,0.5825658261182667,Fail to Reject EMH,0
Canada,EWC,Inflation / Interest Rate Shock,250,0.6069089386737633,0.3857518375360461,Fail to Reject EMH,0.031860847809653293,0.6144270622541167,Fail to Reject EMH,0.6717862089525397,0.5017198096160637,Fail to Reject EMH,0
Canada,EWC,AI Market Period,501,1.072735720011499,0.10351518509190646,Fail to Reject EMH,0.07611265952593273,0.08844988036175123,Fail to Reject EMH,-1.009746240836233,0.3126168821948537,Fail to Reject EMH,0
Developed Markets benchmark,EFA,Normal Pre-COVID Period,251,0.9414879170084538,0.35392355801046005,Fail to Reject EMH,-0.05806197677540496,0.35763823674383627,Fail to Reject EMH,1.3874257704891764,0.16531197133518316,Fail to Reject EMH,0
Developed Markets benchmark,EFA,COVID Shock,292,0.7615453121400092,4.607063562005694e-05,Reject EMH,-0.24002545117093113,4.103799033725579e-05,Reject EMH,1.2820448567598215,0.19982691115342063,Fail to Reject EMH,2
Developed Markets benchmark,EFA,Post-COVID Recovery,190,0.20709211588154264,0.12720701730836012,Fail to Reject EMH,-0.0636147765392946,0.3805576973840528,Fail to Reject EMH,1.2709135547784498,0.20375940367113074,Fail to Reject EMH,0
Developed Markets benchmark,EFA,Inflation / Interest Rate Shock,250,1.0221720343650784,0.7259104825563802,Fail to Reject EMH,0.019440745064698773,0.7585502154862787,Fail to Reject EMH,-0.8655054028814574,0.3867614517733542,Fail to Reject EMH,0
Developed Markets benchmark,EFA,AI Market Period,501,0.6929547439882103,0.3375226765593672,Fail to Reject EMH,-0.024699993029954823,0.5803588224160056,Fail to Reject EMH,0.8316449192388526,0.40560939947146,Fail to Reject EMH,0
Emerging Markets benchmark,EEM,Normal Pre-COVID Period,251,1.1993559519931083,0.3495641374554004,Fail to Reject EMH,0.021955872759511556,0.7279555090388976,Fail to Reject EMH,-0.9307550969684338,0.35198026193732634,Fail to Reject EMH,0
Emerging Markets benchmark,EEM,COVID Shock,292,0.6524147052972886,2.8582272532279354e-09,Reject EMH,-0.3482256672062226,2.673526524329435e-09,Reject EMH,2.9310099097881928,0.003378620034826513,Reject EMH,3
Emerging Markets benchmark,EEM,Post-COVID Recovery,190,0.4960107431039056,0.16216871932599303,Fail to Reject EMH,-0.03130371326512999,0.6661107338798635,Fail to Reject EMH,0.07642591132448859,0.9390802556313761,Fail to Reject EMH,0
Emerging Markets benchmark,EEM,Inflation / Interest Rate Shock,250,0.8735973071639671,0.36164614975427267,Fail to Reject EMH,-0.02308099460963418,0.7151542776824195,Fail to Reject EMH,0.4061183285036044,0.6846556592758788,Fail to Reject EMH,0
Emerging Markets benchmark,EEM,AI Market Period,501,0.5699137102178922,0.17914359468602692,Fail to Reject EMH,-0.03294820661837094,0.46083009178565304,Fail to Reject EMH,-0.29877663794997394,0.7651104774069574,Fail to Reject EMH,0
