Date,Close,Adj Close
2019-11-18,312.0199890136719,283.020751953125
2019-11-19,311.92999267578125,282.93914794921875
2019-11-20,310.7699890136719,281.88690185546875
2019-11-21,310.2699890136719,281.43353271484375
2019-11-22,310.9599914550781,282.0593566894531
2019-11-25,313.3699951171875,284.2453308105469
2019-11-26,314.0799865722656,284.8892822265625
2019-11-27,315.4800109863281,286.1592712402344
2019-11-29,314.30999755859375,285.0979919433594
2019-12-02,311.6400146484375,282.6761474609375
2019-12-03,309.54998779296875,280.78033447265625
2019-12-04,311.4599914550781,282.5129089355469
2019-12-05,312.0199890136719,283.020751953125
2019-12-06,314.8699951171875,285.6059265136719
2019-12-09,313.8800048828125,284.70794677734375
2019-12-10,313.5299987792969,284.3905334472656
2019-12-11,314.4200134277344,285.1977844238281
2019-12-12,317.1300048828125,287.6558837890625
2019-12-13,317.32000732421875,287.8282165527344
2019-12-16,319.5,289.8055725097656
2019-12-17,319.57000732421875,289.8691711425781
2019-12-18,319.5899963378906,289.88714599609375
2019-12-19,320.8999938964844,291.075439453125
2019-12-20,320.7300109863281,292.35162353515625
2019-12-23,321.2200012207031,292.7982482910156
2019-12-24,321.2300109863281,292.80743408203125
2019-12-26,322.94000244140625,294.3661193847656
2019-12-27,322.8599853515625,294.2930908203125
2019-12-30,321.0799865722656,292.67059326171875
2019-12-31,321.8599853515625,293.38153076171875
2020-01-02,324.8699951171875,296.1253967285156
2020-01-03,322.4100036621094,293.8829040527344
2020-01-06,323.6400146484375,295.0041809082031
2020-01-07,322.7300109863281,294.17462158203125
2020-01-08,324.45001220703125,295.74249267578125
2020-01-09,326.6499938964844,297.7478332519531
2020-01-10,325.7099914550781,296.8909606933594
2020-01-13,327.95001220703125,298.9327697753906
2020-01-14,327.45001220703125,298.47698974609375
2020-01-15,328.19000244140625,299.15155029296875
2020-01-16,330.9200134277344,301.63995361328125
2020-01-17,331.95001220703125,302.57891845703125
2020-01-21,331.29998779296875,301.9863586425781
2020-01-22,331.3399963378906,302.0228271484375
2020-01-23,331.7200012207031,302.3691711425781
2020-01-24,328.7699890136719,299.68017578125
2020-01-27,323.5,294.87646484375
2020-01-28,326.8900146484375,297.96661376953125
2020-01-29,326.6199951171875,297.7204895019531
2020-01-30,327.67999267578125,298.6866455078125
2020-01-31,321.7300109863281,293.2632141113281
2020-02-03,324.1199951171875,295.441650390625
2020-02-04,329.05999755859375,299.9446105957031
2020-02-05,332.8599853515625,303.4082336425781
2020-02-06,333.9800109863281,304.4292297363281
2020-02-07,332.20001220703125,302.80670166015625
2020-02-10,334.67999267578125,305.0673522949219
2020-02-11,335.260009765625,305.5960388183594
2020-02-12,337.4200134277344,307.5648498535156
2020-02-13,337.05999755859375,307.2367248535156
2020-02-14,337.6000061035156,307.72900390625
2020-02-18,336.7300109863281,306.9358825683594
2020-02-19,338.3399963378906,308.40350341796875
2020-02-20,336.95001220703125,307.13641357421875
2020-02-21,333.4800109863281,303.9734802246094
2020-02-24,322.4200134277344,293.8920593261719
2020-02-25,312.6499938964844,284.986572265625
2020-02-26,311.5,283.9383239746094
2020-02-27,297.510009765625,271.1861267089844
2020-02-28,296.260009765625,270.0467834472656
2020-03-02,309.0899963378906,281.7415466308594
2020-03-03,300.239990234375,273.674560546875
2020-03-04,312.8599853515625,285.1778869628906
2020-03-05,302.4599914550781,275.69818115234375
2020-03-06,297.4599914550781,271.1404724121094
2020-03-09,274.2300109863281,249.96597290039062
2020-03-10,288.4200134277344,262.90045166015625
2020-03-11,274.3599853515625,250.08447265625
2020-03-12,248.11000061035156,226.1570587158203
2020-03-13,269.32000732421875,245.49041748046875
2020-03-16,239.85000610351562,218.62789916992188
2020-03-17,252.8000030517578,230.4320831298828
2020-03-18,240.0,218.76466369628906
2020-03-19,240.50999450683594,219.22952270507812
2020-03-20,228.8000030517578,209.781982421875
2020-03-23,222.9499969482422,204.418212890625
2020-03-24,243.14999389648438,222.939208984375
2020-03-25,246.7899932861328,226.27664184570312
2020-03-26,261.20001220703125,239.48887634277344
2020-03-27,253.4199981689453,232.35557556152344
2020-03-30,261.6499938964844,239.90150451660156
2020-03-31,257.75,236.32565307617188
2020-04-01,246.14999389648438,225.6898651123047
2020-04-02,251.8300018310547,230.89772033691406
2020-04-03,248.19000244140625,227.560302734375
2020-04-06,264.8599853515625,242.84463500976562
2020-04-07,265.1300048828125,243.0922088623047
2020-04-08,274.0299987792969,251.25247192382812
2020-04-09,278.20001220703125,255.07586669921875
2020-04-13,275.6600036621094,252.7469940185547
2020-04-14,283.7900085449219,260.20123291015625
2020-04-15,277.760009765625,254.6724090576172
2020-04-16,279.1000061035156,255.90103149414062
2020-04-17,286.6400146484375,262.8142395019531
2020-04-20,281.5899963378906,258.1840515136719
2020-04-21,273.0400085449219,250.34478759765625
2020-04-22,279.1000061035156,255.90103149414062
2020-04-23,279.0799865722656,255.8826904296875
2020-04-24,282.9700012207031,259.4493408203125
2020-04-27,287.04998779296875,263.190185546875
2020-04-28,285.7300109863281,261.97991943359375
2020-04-29,293.2099914550781,268.838134765625
2020-04-30,290.4800109863281,266.3351135253906
2020-05-01,282.7900085449219,259.2843322753906
2020-05-04,283.57000732421875,259.99945068359375
2020-05-05,286.19000244140625,262.4017028808594
2020-05-06,284.25,260.62298583984375
2020-05-07,287.67999267578125,263.7678527832031
2020-05-08,292.44000244140625,268.1321716308594
2020-05-11,292.5,268.1872863769531
2020-05-12,286.6700134277344,262.8418273925781
2020-05-13,281.6000061035156,258.1932678222656
2020-05-14,284.9700012207031,261.2830505371094
2020-05-15,286.2799987792969,262.48419189453125
2020-05-18,295.0,270.4794616699219
2020-05-19,291.9700012207031,267.7012023925781
2020-05-20,296.92999267578125,272.2490234375
2020-05-21,294.8800048828125,270.36944580078125
2020-05-22,295.44000244140625,270.8829345703125
2020-05-26,299.0799865722656,274.2203063964844
2020-05-27,303.5299987792969,278.3004150390625
2020-05-28,302.9700012207031,277.786865234375
2020-05-29,304.32000732421875,279.0246887207031
2020-06-01,305.54998779296875,280.1524658203125
2020-06-02,308.0799865722656,282.4721984863281
2020-06-03,312.17999267578125,286.2313537597656
2020-06-04,311.3599853515625,285.47955322265625
2020-06-05,319.3399963378906,292.79620361328125
2020-06-08,323.20001220703125,296.33544921875
2020-06-09,320.7900085449219,294.1258239746094
2020-06-10,319.0,292.48455810546875
2020-06-11,300.6099853515625,275.6231384277344
2020-06-12,304.2099914550781,278.9238586425781
2020-06-15,307.04998779296875,281.5277099609375
2020-06-16,312.9599914550781,286.9465637207031
2020-06-17,311.6600036621094,285.754638671875
2020-06-18,311.7799987792969,285.8646545410156
2020-06-19,308.6400146484375,284.23095703125
2020-06-22,310.6199951171875,286.0543212890625
2020-06-23,312.04998779296875,287.3712463378906
2020-06-24,304.0899963378906,280.040771484375
2020-06-25,307.3500061035156,283.0429992675781
2020-06-26,300.04998779296875,276.32025146484375
2020-06-29,304.4599914550781,280.3815612792969
2020-06-30,308.3599853515625,283.9731140136719
2020-07-01,310.5199890136719,285.9622802734375
2020-07-02,312.2300109863281,287.53704833984375
2020-07-06,317.04998779296875,291.975830078125
2020-07-07,313.7799987792969,288.96435546875
2020-07-08,316.17999267578125,291.17462158203125
2020-07-09,314.3800048828125,289.5169982910156
2020-07-10,317.5899963378906,292.47314453125
2020-07-13,314.8399963378906,289.94061279296875
2020-07-14,318.9200134277344,293.6979064941406
2020-07-15,321.8500061035156,296.3961486816406
2020-07-16,320.7900085449219,295.4201354980469
2020-07-17,321.7200012207031,296.27655029296875
2020-07-20,324.32000732421875,298.6708679199219
2020-07-21,325.010009765625,299.3062744140625
2020-07-22,326.8599853515625,301.01007080078125
2020-07-23,322.9599914550781,297.4184265136719
2020-07-24,320.8800048828125,295.5029602050781
2020-07-27,323.2200012207031,297.6579284667969
2020-07-28,321.1700134277344,295.77001953125
2020-07-29,325.1199951171875,299.4075927734375
2020-07-30,323.9599914550781,298.33935546875
2020-07-31,326.5199890136719,300.6968078613281
2020-08-03,328.7900085449219,302.787353515625
2020-08-04,330.05999755859375,303.9569091796875
2020-08-05,332.1099853515625,305.8447570800781
2020-08-06,334.3299865722656,307.88922119140625
2020-08-07,334.57000732421875,308.1102600097656
2020-08-10,335.57000732421875,309.03125
2020-08-11,332.79998779296875,306.480224609375
2020-08-12,337.44000244140625,310.75323486328125
2020-08-13,336.8299865722656,310.1914367675781
2020-08-14,336.8399963378906,310.20068359375
2020-08-17,337.9100036621094,311.1861572265625
2020-08-18,338.6400146484375,311.85833740234375
2020-08-19,337.2300109863281,310.5598449707031
2020-08-20,338.2799987792969,311.52685546875
2020-08-21,339.4800109863281,312.6319885253906
2020-08-24,342.9200134277344,315.7999267578125
2020-08-25,344.1199951171875,316.9049377441406
2020-08-26,347.57000732421875,320.08221435546875
2020-08-27,348.3299865722656,320.7820739746094
2020-08-28,350.5799865722656,322.85406494140625
2020-08-31,349.30999755859375,321.6844787597656
2020-09-01,352.6000061035156,324.7143249511719
2020-09-02,357.70001220703125,329.4110412597656
2020-09-03,345.3900146484375,318.0745544433594
2020-09-04,342.57000732421875,315.4775695800781
2020-09-08,333.2099914550781,306.8577575683594
2020-09-09,339.7900085449219,312.9173583984375
2020-09-10,333.8900146484375,307.4840393066406
2020-09-11,334.05999755859375,307.64056396484375
2020-09-14,338.4599914550781,311.69256591796875
2020-09-15,340.1700134277344,313.2673645019531
2020-09-16,338.82000732421875,312.024169921875
2020-09-17,335.8399963378906,309.2798156738281
2020-09-18,330.6499938964844,305.7191467285156
2020-09-21,326.9700012207031,302.3166198730469
2020-09-22,330.29998779296875,305.39556884765625
2020-09-23,322.6400146484375,298.31317138671875
2020-09-24,323.5,299.10821533203125
2020-09-25,328.7300109863281,303.9439392089844
2020-09-28,334.19000244140625,308.99224853515625
2020-09-29,332.3699951171875,307.30950927734375
2020-09-30,334.8900146484375,309.639404296875
2020-10-01,337.0400085449219,311.62738037109375
2020-10-02,333.8399963378906,308.6685791015625
2020-10-05,339.760009765625,314.1423034667969
2020-10-06,334.92999267578125,309.6763916015625
2020-10-07,340.760009765625,315.06689453125
2020-10-08,343.7799987792969,317.859130859375
2020-10-09,346.8500061035156,320.6977233886719
2020-10-12,352.42999267578125,325.85687255859375
2020-10-13,350.1300048828125,323.7303466796875
2020-10-14,347.92999267578125,321.6962585449219
2020-10-15,347.5,321.2986755371094
2020-10-16,347.2900085449219,321.1045227050781
2020-10-19,342.010009765625,316.2226257324219
2020-10-20,343.3800048828125,317.4892578125
2020-10-21,342.7300109863281,316.8883361816406
2020-10-22,344.6099853515625,318.6266784667969
2020-10-23,345.7799987792969,319.7083740234375
2020-10-26,339.3900146484375,313.8002014160156
2020-10-27,338.2200012207031,312.7184143066406
2020-10-28,326.6600036621094,302.0301208496094
2020-10-29,329.9800109863281,305.099609375
2020-10-30,326.5400085449219,301.91912841796875
2020-11-02,330.20001220703125,305.3031311035156
2020-11-03,336.0299987792969,310.6934814453125
2020-11-04,343.5400085449219,317.63726806640625
2020-11-05,350.239990234375,323.8321228027344
2020-11-06,350.1600036621094,323.7581481933594
2020-11-09,354.55999755859375,327.8263854980469
2020-11-10,354.0400085449219,327.3455810546875
2020-11-11,356.6700134277344,329.77728271484375
2020-11-12,353.2099914550781,326.578125
2020-11-13,358.1000061035156,331.0994567871094
2020-11-16,362.57000732421875,335.23236083984375
2020-11-17,360.6199951171875,333.4294738769531
2020-11-18,356.2799987792969,329.41668701171875
2020-11-19,357.7799987792969,330.8035888671875
2020-11-20,355.3299865722656,328.538330078125
2020-11-23,357.4599914550781,330.5076599121094
2020-11-24,363.2200012207031,335.83343505859375
2020-11-25,362.6600036621094,335.315673828125
2020-11-27,363.6700134277344,336.24951171875
2020-11-30,362.05999755859375,334.7608337402344
2020-12-01,366.0199890136719,338.42230224609375
2020-12-02,366.7900085449219,339.13421630859375
2020-12-03,366.69000244140625,339.0418395996094
2020-12-04,369.8500061035156,341.9635009765625
2020-12-07,369.0899963378906,341.26080322265625
2020-12-08,370.1700134277344,342.2594299316406
2020-12-09,366.8500061035156,339.1897277832031
2020-12-10,366.7300109863281,339.0787048339844
2020-12-11,366.29998779296875,338.6811218261719
2020-12-14,364.6600036621094,337.16485595703125
2020-12-15,369.5899963378906,341.7231140136719
2020-12-16,370.1700134277344,342.2594299316406
2020-12-17,372.239990234375,344.1732482910156
2020-12-18,369.17999267578125,342.7991027832031
2020-12-21,367.8599853515625,341.57342529296875
2020-12-22,367.239990234375,340.9976501464844
2020-12-23,367.57000732421875,341.30413818359375
2020-12-24,369.0,342.63189697265625
2020-12-28,372.1700134277344,345.575439453125
2020-12-29,371.4599914550781,344.9161071777344
2020-12-30,371.989990234375,345.40826416015625
2020-12-31,373.8800048828125,347.1632385253906
2021-01-04,368.7900085449219,342.43695068359375
2021-01-05,371.3299865722656,344.79534912109375
2021-01-06,373.54998779296875,346.8567810058594
2021-01-07,379.1000061035156,352.0101623535156
2021-01-08,381.260009765625,354.0158386230469
2021-01-11,378.69000244140625,351.6295166015625
2021-01-12,378.7699890136719,351.7037658691406
2021-01-13,379.7900085449219,352.65087890625
2021-01-14,378.4599914550781,351.4158630371094
2021-01-15,375.70001220703125,348.8531799316406
2021-01-19,378.6499938964844,351.5923156738281
2021-01-20,383.8900146484375,356.45794677734375
2021-01-21,384.239990234375,356.7828369140625
2021-01-22,382.8800048828125,355.5201416015625
2021-01-25,384.3900146484375,356.9222106933594
2021-01-26,383.7900085449219,356.3650207519531
2021-01-27,374.4100036621094,347.6553039550781
2021-01-28,377.6300048828125,350.645263671875
2021-01-29,370.07000732421875,343.62548828125
2021-02-01,376.2300109863281,349.3453063964844
2021-02-02,381.54998779296875,354.2850341796875
2021-02-03,381.8500061035156,354.5636291503906
2021-02-04,386.19000244140625,358.59356689453125
2021-02-05,387.7099914550781,360.0049743652344
2021-02-08,390.510009765625,362.6048889160156
2021-02-09,390.25,362.3633728027344
2021-02-10,390.0799865722656,362.20556640625
2021-02-11,390.7099914550781,362.7905578613281
2021-02-12,392.6400146484375,364.582763671875
2021-02-16,392.29998779296875,364.26690673828125
2021-02-17,392.3900146484375,364.3505859375
2021-02-18,390.7200012207031,362.7998962402344
2021-02-19,390.0299987792969,362.1591796875
2021-02-22,387.0299987792969,359.3734436035156
2021-02-23,387.5,359.8099365234375
2021-02-24,391.7699890136719,363.77484130859375
2021-02-25,382.3299865722656,355.0094299316406
2021-02-26,380.3599853515625,353.1800842285156
2021-03-01,389.5799865722656,361.74139404296875
2021-03-02,386.5400085449219,358.9185791015625
2021-03-03,381.4200134277344,354.1644287109375
2021-03-04,376.70001220703125,349.78167724609375
2021-03-05,383.6300048828125,356.216552734375
2021-03-08,381.7200012207031,354.44305419921875
2021-03-09,387.1700134277344,359.5035400390625
2021-03-10,389.5799865722656,361.74139404296875
2021-03-11,393.5299987792969,365.4090576171875
2021-03-12,394.05999755859375,365.90118408203125
2021-03-15,396.4100036621094,368.0832214355469
2021-03-16,395.9100036621094,367.6189880371094
2021-03-17,397.260009765625,368.87249755859375
2021-03-18,391.4800109863281,363.505615234375
2021-03-19,389.4800109863281,362.83294677734375
2021-03-22,392.5899963378906,365.7301330566406
2021-03-23,389.5,362.8515319824219
2021-03-24,387.5199890136719,361.007080078125
2021-03-25,389.70001220703125,363.0378723144531
2021-03-26,395.9800109863281,368.8882751464844
2021-03-29,395.7799987792969,368.7019348144531
2021-03-30,394.7300109863281,367.7237548828125
2021-03-31,396.3299865722656,369.2142333984375
2021-04-01,400.6099853515625,373.2013854980469
2021-04-05,406.3599853515625,378.55804443359375
2021-04-06,406.1199951171875,378.33453369140625
2021-04-07,406.5899963378906,378.7723388671875
2021-04-08,408.5199890136719,380.5703125
2021-04-09,411.489990234375,383.3370666503906
2021-04-12,411.6400146484375,383.47686767578125
2021-04-13,412.8599853515625,384.6134033203125
2021-04-14,411.45001220703125,383.2998352050781
2021-04-15,415.8699951171875,387.4173889160156
2021-04-16,417.260009765625,388.7123107910156
2021-04-19,415.2099914550781,386.8025817871094
2021-04-20,412.1700134277344,383.97052001953125
2021-04-21,416.07000732421875,387.60369873046875
2021-04-22,412.2699890136719,384.063720703125
2021-04-23,416.739990234375,388.2279052734375
2021-04-26,417.6099853515625,389.038330078125
2021-04-27,417.5199890136719,388.95452880859375
2021-04-28,417.3999938964844,388.84271240234375
2021-04-29,420.05999755859375,391.3207092285156
2021-04-30,417.29998779296875,388.7495422363281
2021-05-03,418.20001220703125,389.5880432128906
2021-05-04,415.6199951171875,387.18450927734375
2021-05-05,415.75,387.3056335449219
2021-05-06,419.07000732421875,390.3984375
2021-05-07,422.1199951171875,393.23974609375
2021-05-10,417.94000244140625,389.3457946777344
2021-05-11,414.2099914550781,385.87103271484375
2021-05-12,405.4100036621094,377.6730651855469
2021-05-13,410.2799987792969,382.2098693847656
2021-05-14,416.5799865722656,388.078857421875
2021-05-17,415.5199890136719,387.0914001464844
2021-05-18,411.94000244140625,383.75634765625
2021-05-19,410.8599853515625,382.7501220703125
2021-05-20,415.2799987792969,386.86773681640625
2021-05-21,414.94000244140625,386.5509948730469
2021-05-24,419.1700134277344,390.49169921875
2021-05-25,418.239990234375,389.6252136230469
2021-05-26,419.07000732421875,390.3984375
2021-05-27,419.2900085449219,390.6033630371094
2021-05-28,420.0400085449219,391.3020935058594
2021-06-01,419.6700134277344,390.9574279785156
2021-06-02,420.3299865722656,391.5722961425781
2021-06-03,418.7699890136719,390.11895751953125
2021-06-04,422.6000061035156,393.68701171875
2021-06-07,422.19000244140625,393.3050537109375
2021-06-08,422.2799987792969,393.3888854980469
2021-06-09,421.6499938964844,392.8019714355469
2021-06-10,423.6099853515625,394.62786865234375
2021-06-11,424.30999755859375,395.280029296875
2021-06-14,425.260009765625,396.1650695800781
2021-06-15,424.4800109863281,395.4382629394531
2021-06-16,422.1099853515625,393.2304992675781
2021-06-17,421.9700012207031,393.1000671386719
2021-06-18,414.9200134277344,387.7969970703125
2021-06-21,420.8599853515625,393.34869384765625
2021-06-22,423.1099853515625,395.4516296386719
2021-06-23,422.6000061035156,394.97491455078125
2021-06-24,425.1000061035156,397.31146240234375
2021-06-25,426.6099853515625,398.7227478027344
2021-06-28,427.4700012207031,399.5266418457031
2021-06-29,427.70001220703125,399.7416076660156
2021-06-30,428.05999755859375,400.0780334472656
2021-07-01,430.42999267578125,402.29315185546875
2021-07-02,433.7200012207031,405.36810302734375
2021-07-06,432.92999267578125,404.6296691894531
2021-07-07,434.4599914550781,406.0596008300781
2021-07-08,430.9200134277344,402.75103759765625
2021-07-09,435.5199890136719,407.0503845214844
2021-07-12,437.0799865722656,408.5083312988281
2021-07-13,435.5899963378906,407.11578369140625
2021-07-14,436.239990234375,407.7232971191406
2021-07-15,434.75,406.3306884765625
2021-07-16,431.3399963378906,403.1435852050781
2021-07-19,424.9700012207031,397.1900329589844
2021-07-20,431.05999755859375,402.8818664550781
2021-07-21,434.54998779296875,406.14385986328125
2021-07-22,435.4599914550781,406.99432373046875
2021-07-23,439.94000244140625,411.18145751953125
2021-07-26,441.0199890136719,412.19085693359375
2021-07-27,439.010009765625,410.3122253417969
2021-07-28,438.8299865722656,410.1440124511719
2021-07-29,440.6499938964844,411.84503173828125
2021-07-30,438.510009765625,409.8449401855469
2021-08-02,437.5899963378906,408.9851379394531
2021-08-03,441.1499938964844,412.31231689453125
2021-08-04,438.9800109863281,410.2841796875
2021-08-05,441.760009765625,412.8824462890625
2021-08-06,442.489990234375,413.5647277832031
2021-08-09,442.1300048828125,413.2283020019531
2021-08-10,442.67999267578125,413.74237060546875
2021-08-11,443.7799987792969,414.7704162597656
2021-08-12,445.1099853515625,416.01348876953125
2021-08-13,445.9200134277344,416.7706298828125
2021-08-16,446.9700012207031,417.751953125
2021-08-17,444.0400085449219,415.0134582519531
2021-08-18,439.17999267578125,410.4710998535156
2021-08-19,439.8599853515625,411.1066589355469
2021-08-20,443.3599853515625,414.3778991699219
2021-08-23,447.260009765625,418.02301025390625
2021-08-24,447.9700012207031,418.6865234375
2021-08-25,448.9100036621094,419.56500244140625
2021-08-26,446.260009765625,417.08831787109375
2021-08-27,450.25,420.8175048828125
2021-08-30,452.2300109863281,422.6680603027344
2021-08-31,451.55999755859375,422.0418395996094
2021-09-01,451.79998779296875,422.26617431640625
2021-09-02,453.19000244140625,423.5652160644531
2021-09-03,453.0799865722656,423.4625244140625
2021-09-07,451.4599914550781,421.9484558105469
2021-09-08,450.9100036621094,421.4343566894531
2021-09-09,448.9800109863281,419.6304931640625
2021-09-10,445.44000244140625,416.3218688964844
2021-09-13,446.5799865722656,417.3873291015625
2021-09-14,444.1700134277344,415.1348876953125
2021-09-15,447.8800048828125,418.60235595703125
2021-09-16,447.1700134277344,417.9388427734375
2021-09-17,441.3999938964844,413.8675842285156
2021-09-20,434.0400085449219,406.966796875
2021-09-21,433.6300048828125,406.5823669433594
2021-09-22,437.8599853515625,410.5484619140625
2021-09-23,443.17999267578125,415.53668212890625
2021-09-24,443.9100036621094,416.22119140625
2021-09-27,442.6400146484375,415.0303649902344
2021-09-28,433.7200012207031,406.6667785644531
2021-09-29,434.45001220703125,407.3511047363281
2021-09-30,429.1400146484375,402.3724670410156
2021-10-01,434.239990234375,407.1542663574219
2021-10-04,428.6400146484375,401.9035339355469
2021-10-05,433.1000061035156,406.08538818359375
2021-10-06,434.8999938964844,407.7731018066406
2021-10-07,438.6600036621094,411.2986145019531
2021-10-08,437.8599853515625,410.5484619140625
2021-10-11,434.69000244140625,407.576171875
2021-10-12,433.6199951171875,406.572998046875
2021-10-13,435.17999267578125,408.03558349609375
2021-10-14,442.5,414.89898681640625
2021-10-15,445.8699951171875,418.0588684082031
2021-10-18,447.19000244140625,419.2964782714844
2021-10-19,450.6400146484375,422.53131103515625
2021-10-20,452.4100036621094,424.1909484863281
2021-10-21,453.5899963378906,425.29730224609375
2021-10-22,453.1199951171875,424.856689453125
2021-10-25,455.54998779296875,427.1350402832031
2021-10-26,455.9599914550781,427.5195007324219
2021-10-27,453.94000244140625,425.6254577636719
2021-10-28,458.32000732421875,429.7322998046875
2021-10-29,459.25,430.604248046875
2021-11-01,460.0400085449219,431.344970703125
2021-11-02,461.8999938964844,433.0890197753906
2021-11-03,464.7200012207031,435.7331237792969
2021-11-04,466.9100036621094,437.7864990234375
2021-11-05,468.5299987792969,439.3053894042969
2021-11-08,468.92999267578125,439.68048095703125
2021-11-09,467.3800048828125,438.2270812988281
2021-11-10,463.6199951171875,434.7018127441406
2021-11-11,463.7699890136719,434.8423156738281
2021-11-12,467.2699890136719,438.1239929199219
2021-11-15,467.42999267578125,438.2740173339844
2021-11-16,469.2799987792969,440.0086364746094
2021-11-17,468.1400146484375,438.93975830078125
2021-11-18,469.7300109863281,440.4305725097656
2021-11-19,468.8900146484375,439.64300537109375
2021-11-22,467.57000732421875,438.4052429199219
2021-11-23,468.19000244140625,438.98663330078125
2021-11-24,469.44000244140625,440.15863037109375
2021-11-26,458.9700012207031,430.3418273925781
2021-11-29,464.6000061035156,435.6205749511719
2021-11-30,455.55999755859375,427.1444091796875
2021-12-01,450.5,422.40008544921875
2021-12-02,457.3999938964844,428.86968994140625
2021-12-03,453.4200134277344,425.1379699707031
2021-12-06,458.7900085449219,430.1729431152344
2021-12-07,468.2799987792969,439.07110595703125
2021-12-08,469.5199890136719,440.2336730957031
2021-12-09,466.3500061035156,437.2613220214844
2021-12-10,470.739990234375,441.3775634765625
2021-12-13,466.57000732421875,437.46771240234375
2021-12-14,463.3599853515625,434.4578857421875
2021-12-15,470.6000061035156,441.2463684082031
2021-12-16,466.45001220703125,437.3551940917969
2021-12-17,459.8699951171875,432.70050048828125
2021-12-20,454.9800109863281,428.0993957519531
2021-12-21,463.05999755859375,435.7019348144531
2021-12-22,467.69000244140625,440.0585021972656
2021-12-23,470.6000061035156,442.7965393066406
2021-12-27,477.260009765625,449.0630187988281
2021-12-28,476.8699951171875,448.6960754394531
2021-12-29,477.4800109863281,449.27008056640625
2021-12-30,476.1600036621094,448.02801513671875
2021-12-31,474.9599914550781,446.8989562988281
2022-01-03,477.7099914550781,449.4864501953125
2022-01-04,477.54998779296875,449.3359069824219
2022-01-05,468.3800048828125,440.7077331542969
2022-01-06,467.94000244140625,440.2937316894531
2022-01-07,466.0899963378906,438.5530090332031
2022-01-10,465.510009765625,438.0072326660156
2022-01-11,469.75,441.9967346191406
2022-01-12,471.0199890136719,443.191650390625
2022-01-13,464.5299987792969,437.08514404296875
2022-01-14,464.7200012207031,437.2639465332031
2022-01-18,456.489990234375,429.5201110839844
2022-01-19,451.75,425.0601806640625
2022-01-20,446.75,420.35565185546875
2022-01-21,437.9800109863281,412.1037902832031
2022-01-24,439.8399963378906,413.8539123535156
2022-01-25,434.4700012207031,408.80108642578125
2022-01-26,433.3800048828125,407.7755432128906
2022-01-27,431.239990234375,405.761962890625
2022-01-28,441.95001220703125,415.8392028808594
2022-01-31,449.9100036621094,423.32891845703125
2022-02-01,452.95001220703125,426.1893310546875
2022-02-02,457.3500061035156,430.32928466796875
2022-02-03,446.6000061035156,420.2144470214844
2022-02-04,448.70001220703125,422.19049072265625
2022-02-07,447.260009765625,420.83551025390625
2022-02-08,450.94000244140625,424.298095703125
2022-02-09,457.5400085449219,430.50811767578125
2022-02-10,449.32000732421875,422.7738037109375
2022-02-11,440.4599914550781,414.437255859375
2022-02-14,439.0199890136719,413.0823059082031
2022-02-15,446.1000061035156,419.7440185546875
2022-02-16,446.6000061035156,420.2144470214844
2022-02-17,437.05999755859375,411.2381286621094
2022-02-18,434.2300109863281,408.5752868652344
2022-02-22,429.57000732421875,404.1905517578125
2022-02-23,421.95001220703125,397.0208435058594
2022-02-24,428.29998779296875,402.99566650390625
2022-02-25,437.75,411.8873291015625
2022-02-28,436.6300048828125,410.8335266113281
2022-03-01,429.9800109863281,404.5763854980469
2022-03-02,437.8900146484375,412.01898193359375
2022-03-03,435.7099914550781,409.96783447265625
2022-03-04,432.1700134277344,406.636962890625
2022-03-07,419.42999267578125,394.64971923828125
2022-03-08,416.25,391.6575622558594
2022-03-09,427.4100036621094,402.15826416015625
2022-03-10,425.4800109863281,400.3421936035156
2022-03-11,420.07000732421875,395.25189208984375
2022-03-14,417.0,392.36322021484375
2022-03-15,426.1700134277344,400.991455078125
2022-03-16,435.6199951171875,409.8831787109375
2022-03-17,441.07000732421875,415.0111999511719
2022-03-18,444.5199890136719,419.5567321777344
2022-03-21,444.3900146484375,419.4340515136719
2022-03-22,449.5899963378906,424.3419494628906
2022-03-23,443.79998779296875,418.8771667480469
2022-03-24,450.489990234375,425.1914978027344
2022-03-25,452.69000244140625,427.26788330078125
2022-03-28,455.9100036621094,430.3070983886719
2022-03-29,461.54998779296875,435.6303405761719
2022-03-30,458.70001220703125,432.9404296875
2022-03-31,451.6400146484375,426.27685546875
2022-04-01,452.9200134277344,427.4849853515625
2022-04-04,456.79998779296875,431.1470642089844
2022-04-05,451.0299987792969,425.7010498046875
2022-04-06,446.5199890136719,421.4443359375
2022-04-07,448.7699890136719,423.5680236816406
2022-04-08,447.57000732421875,422.4354553222656
2022-04-11,439.9200134277344,415.2150573730469
2022-04-12,438.2900085449219,413.6766357421875
2022-04-13,443.30999755859375,418.4146423339844
2022-04-14,437.7900085449219,413.2047119140625
2022-04-18,437.9700012207031,413.3745422363281
2022-04-19,445.0400085449219,420.0475158691406
2022-04-20,444.7099914550781,419.7359924316406
2022-04-21,438.05999755859375,413.45947265625
2022-04-22,426.0400085449219,402.114501953125
2022-04-25,428.510009765625,404.4457702636719
2022-04-26,416.1000061035156,392.7326965332031
2022-04-27,417.2699890136719,393.8370361328125
2022-04-28,427.80999755859375,403.78509521484375
2022-04-29,412.0,388.863037109375
2022-05-02,414.4800109863281,391.2037353515625
2022-05-03,416.3800048828125,392.9969482421875
2022-05-04,429.05999755859375,404.96490478515625
2022-05-05,413.80999755859375,390.57135009765625
2022-05-06,411.3399963378906,388.2400207519531
2022-05-09,398.1700134277344,375.80963134765625
2022-05-10,399.0899963378906,376.677978515625
2022-05-11,392.75,370.69403076171875
2022-05-12,392.3399963378906,370.3069763183594
2022-05-13,401.7200012207031,379.1602783203125
2022-05-16,400.0899963378906,377.6217956542969
2022-05-17,408.32000732421875,385.38970947265625
2022-05-18,391.8599853515625,369.85394287109375
2022-05-19,389.4599914550781,367.5888366699219
2022-05-20,389.6300048828125,367.7491760253906
2022-05-23,396.9200134277344,374.6298828125
2022-05-24,393.8900146484375,371.7700500488281
2022-05-25,397.3699951171875,375.0545654296875
2022-05-26,405.30999755859375,382.5487365722656
2022-05-27,415.260009765625,391.94000244140625
2022-05-31,412.92999267578125,389.74072265625
2022-06-01,409.5899963378906,386.5882873535156
2022-06-02,417.3900146484375,393.9503173828125
2022-06-03,410.5400085449219,387.48486328125
2022-06-06,411.7900085449219,388.664794921875
2022-06-07,415.739990234375,392.3929748535156
2022-06-08,411.2200012207031,388.1267395019531
2022-06-09,401.44000244140625,378.89599609375
2022-06-10,389.79998779296875,367.9096374511719
2022-06-13,375.0,353.9407958984375
2022-06-14,373.8699951171875,352.874267578125
2022-06-15,379.20001220703125,357.9049987792969
2022-06-16,366.6499938964844,346.0596923828125
2022-06-17,365.8599853515625,346.8056945800781
2022-06-21,375.07000732421875,355.5361328125
2022-06-22,374.3900146484375,354.89154052734375
2022-06-23,378.05999755859375,358.370361328125
2022-06-24,390.0799865722656,369.76434326171875
2022-06-27,388.5899963378906,368.3518981933594
2022-06-28,380.6499938964844,360.825439453125
2022-06-29,380.3399963378906,360.5316467285156
2022-06-30,377.25,357.60260009765625
2022-07-01,381.239990234375,361.3847351074219
2022-07-05,381.9599914550781,362.06719970703125
2022-07-06,383.25,363.2900695800781
2022-07-07,388.989990234375,368.7311096191406
2022-07-08,388.6700134277344,368.4278564453125
2022-07-11,384.2300109863281,364.21905517578125
2022-07-12,380.8299865722656,360.9961242675781
2022-07-13,378.8299865722656,359.1002502441406
2022-07-14,377.9100036621094,358.2281494140625
2022-07-15,385.1300048828125,365.0721435546875
2022-07-18,381.95001220703125,362.0577697753906
2022-07-19,392.2699890136719,371.84027099609375
2022-07-20,394.7699890136719,374.21014404296875
2022-07-21,398.7900085449219,378.020751953125
2022-07-22,395.0899963378906,374.513427734375
2022-07-25,395.57000732421875,374.9684143066406
2022-07-26,390.8900146484375,370.5321350097656
2022-07-27,401.0400085449219,380.153564453125
2022-07-28,406.07000732421875,384.9216003417969
2022-07-29,411.989990234375,390.5332946777344
2022-08-01,410.7699890136719,389.3768005371094
2022-08-02,408.05999755859375,386.80792236328125
2022-08-03,414.45001220703125,392.8651123046875
2022-08-04,414.1700134277344,392.5997619628906
2022-08-05,413.4700012207031,391.93621826171875
2022-08-08,412.989990234375,391.4811706542969
2022-08-09,411.3500061035156,389.9266052246094
2022-08-10,419.989990234375,398.1165466308594
2022-08-11,419.989990234375,398.1165466308594
2022-08-12,427.1000061035156,404.85638427734375
2022-08-15,428.8599853515625,406.524658203125
2022-08-16,429.70001220703125,407.3208923339844
2022-08-17,426.6499938964844,404.42974853515625
2022-08-18,427.8900146484375,405.6051940917969
2022-08-19,422.1400146484375,400.1546630859375
2022-08-22,413.3500061035156,391.8224182128906
2022-08-23,412.3500061035156,390.87451171875
2022-08-24,413.6700134277344,392.1258239746094
2022-08-25,419.510009765625,397.6616516113281
2022-08-26,405.30999755859375,384.2012023925781
2022-08-29,402.6300048828125,381.6607666015625
2022-08-30,398.2099914550781,377.470947265625
2022-08-31,395.17999267578125,374.5987243652344
2022-09-01,396.4200134277344,375.774169921875
2022-09-02,392.239990234375,371.81182861328125
2022-09-06,390.760009765625,370.4089660644531
2022-09-07,397.7799987792969,377.0633239746094
2022-09-08,400.3800048828125,379.5279541015625
2022-09-09,406.6000061035156,385.42401123046875
2022-09-12,410.9700012207031,389.56634521484375
2022-09-13,393.1000061035156,372.6271057128906
2022-09-14,394.6000061035156,374.0489807128906
2022-09-15,390.1199951171875,369.8022766113281
2022-09-16,385.55999755859375,366.9811096191406
2022-09-19,388.54998779296875,369.826904296875
2022-09-20,384.0899963378906,365.58197021484375
2022-09-21,377.3900146484375,359.2047424316406
2022-09-22,374.2200012207031,356.1875915527344
2022-09-23,367.95001220703125,350.2196960449219
2022-09-26,364.30999755859375,346.7550354003906
2022-09-27,363.3800048828125,345.8699035644531
2022-09-28,370.5299987792969,352.67529296875
2022-09-29,362.7900085449219,345.30828857421875
2022-09-30,357.17999267578125,339.9685974121094
2022-10-03,366.6099853515625,348.94427490234375
2022-10-04,377.9700012207031,359.7568359375
2022-10-05,377.0899963378906,358.9192810058594
2022-10-06,373.20001220703125,355.2167053222656
2022-10-07,362.7900085449219,345.30828857421875
2022-10-10,360.0199890136719,342.6717834472656
2022-10-11,357.739990234375,340.5016174316406
2022-10-12,356.55999755859375,339.3785095214844
2022-10-13,365.9700012207031,348.3350524902344
2022-10-14,357.6300048828125,340.3968811035156
2022-10-17,366.82000732421875,349.14410400390625
2022-10-18,371.1300048828125,353.2463684082031
2022-10-19,368.5,350.7431335449219
2022-10-20,365.4100036621094,347.8020935058594
2022-10-21,374.2900085449219,356.2541809082031
2022-10-24,378.8699951171875,360.6133728027344
2022-10-25,384.9200134277344,366.3719177246094
2022-10-26,382.0199890136719,363.6116943359375
2022-10-27,379.9800109863281,361.66998291015625
2022-10-28,389.0199890136719,370.2743835449219
2022-10-31,386.2099914550781,367.5997314453125
2022-11-01,384.5199890136719,365.9911804199219
2022-11-02,374.8699951171875,356.8062438964844
2022-11-03,371.010009765625,353.13226318359375
2022-11-04,376.3500061035156,358.21484375
2022-11-07,379.95001220703125,361.64141845703125
2022-11-08,382.0,363.5926513671875
2022-11-09,374.1300048828125,356.10186767578125
2022-11-10,394.69000244140625,375.6711120605469
2022-11-11,398.510009765625,379.30706787109375
2022-11-14,395.1199951171875,376.0804443359375
2022-11-15,398.489990234375,379.2879943847656
2022-11-16,395.45001220703125,376.3945617675781
2022-11-17,394.239990234375,375.2427978515625
2022-11-18,396.0299987792969,376.9466552734375
2022-11-21,394.5899963378906,375.5759582519531
2022-11-22,399.8999938964844,380.6300964355469
2022-11-23,402.4200134277344,383.0287170410156
2022-11-25,402.3299865722656,382.9429931640625
2022-11-28,395.9100036621094,376.83233642578125
2022-11-29,395.2300109863281,376.18505859375
2022-11-30,407.67999267578125,388.0351867675781
2022-12-01,407.3800048828125,387.7496032714844
2022-12-02,406.9100036621094,387.3022766113281
2022-12-05,399.5899963378906,380.3350830078125
2022-12-06,393.8299865722656,374.8525695800781
2022-12-07,393.1600036621094,374.21484375
2022-12-08,396.239990234375,377.1464538574219
2022-12-09,393.2799987792969,374.3291015625
2022-12-12,398.95001220703125,379.7259216308594
2022-12-13,401.9700012207031,382.600341796875
2022-12-14,399.3999938964844,380.1541748046875
2022-12-15,389.6300048828125,370.85498046875
2022-12-16,383.2699890136719,366.47662353515625
2022-12-19,380.0199890136719,363.3690185546875
2022-12-20,380.5400085449219,363.8662414550781
2022-12-21,386.2300109863281,369.3069763183594
2022-12-22,380.7200012207031,364.038330078125
2022-12-23,382.9100036621094,366.1324157714844
2022-12-27,381.3999938964844,364.6885681152344
2022-12-28,376.6600036621094,360.1562194824219
2022-12-29,383.44000244140625,366.63916015625
2022-12-30,382.42999267578125,365.6734313964844
2023-01-03,380.82000732421875,364.1340026855469
2023-01-04,383.760009765625,366.9450988769531
2023-01-05,379.3800048828125,362.7571105957031
2023-01-06,388.0799865722656,371.07586669921875
2023-01-09,387.8599853515625,370.86541748046875
2023-01-10,390.5799865722656,373.4663391113281
2023-01-11,395.5199890136719,378.1898498535156
2023-01-12,396.9599914550781,379.5667724609375
2023-01-13,398.5,381.039306640625
2023-01-17,397.7699890136719,380.3412170410156
2023-01-18,391.489990234375,374.3364562988281
2023-01-19,388.6400146484375,371.6112976074219
2023-01-20,395.8800048828125,378.5340881347656
2023-01-23,400.6300048828125,383.07598876953125
2023-01-24,400.20001220703125,382.664794921875
2023-01-25,400.3500061035156,382.8081970214844
2023-01-26,404.75,387.01544189453125
2023-01-27,405.67999267578125,387.9046936035156
2023-01-30,400.5899963378906,383.0377197265625
2023-01-31,406.4800109863281,388.6695861816406
2023-02-01,410.79998779296875,392.80035400390625
2023-02-02,416.7799987792969,398.518310546875
2023-02-03,412.3500061035156,394.2824401855469
2023-02-06,409.8299865722656,391.872802734375
2023-02-07,415.19000244140625,396.99798583984375
2023-02-08,410.6499938964844,392.6568908691406
2023-02-09,407.0899963378906,389.2528991699219
2023-02-10,408.0400085449219,390.1612854003906
2023-02-13,412.8299865722656,394.74139404296875
2023-02-14,412.6400146484375,394.55975341796875
2023-02-15,413.9800109863281,395.841064453125
2023-02-16,408.2799987792969,390.3907775878906
2023-02-17,407.260009765625,389.41552734375
2023-02-21,399.0899963378906,381.60345458984375
2023-02-22,398.5400085449219,381.07757568359375
2023-02-23,400.6600036621094,383.10467529296875
2023-02-24,396.3800048828125,379.01214599609375
2023-02-27,397.7300109863281,380.3030700683594
2023-02-28,396.260009765625,378.8974609375
2023-03-01,394.739990234375,377.44403076171875
2023-03-02,397.80999755859375,380.3795471191406
2023-03-03,404.19000244140625,386.47998046875
2023-03-06,404.4700012207031,386.7476806640625
2023-03-07,398.2699890136719,380.8193664550781
2023-03-08,398.9200134277344,381.44085693359375
2023-03-09,391.55999755859375,374.40338134765625
2023-03-10,385.9100036621094,369.00091552734375
2023-03-13,385.3599853515625,368.47503662109375
2023-03-14,391.7300109863281,374.56591796875
2023-03-15,389.2799987792969,372.2232971191406
2023-03-16,396.1099853515625,378.75396728515625
2023-03-17,389.989990234375,374.3253479003906
2023-03-20,393.739990234375,377.92474365234375
2023-03-21,398.9100036621094,382.8870849609375
2023-03-22,392.1099853515625,376.36016845703125
2023-03-23,393.1700134277344,377.37762451171875
2023-03-24,395.75,379.8539733886719
2023-03-27,396.489990234375,380.5642395019531
2023-03-28,395.6000061035156,379.7099914550781
2023-03-29,401.3500061035156,385.22900390625
2023-03-30,403.70001220703125,387.4846496582031
2023-03-31,409.3900146484375,392.946044921875
2023-04-03,410.95001220703125,394.4434509277344
2023-04-04,408.6700134277344,392.25506591796875
2023-04-05,407.6000061035156,391.2279968261719
2023-04-06,409.19000244140625,392.75421142578125
2023-04-10,409.6099853515625,393.15728759765625
2023-04-11,409.7200012207031,393.2628479003906
2023-04-12,408.04998779296875,391.659912109375
2023-04-13,413.4700012207031,396.86224365234375
2023-04-14,412.4599914550781,395.8927307128906
2023-04-17,413.94000244140625,397.3133544921875
2023-04-18,414.2099914550781,397.5725402832031
2023-04-19,414.1400146484375,397.5053405761719
2023-04-20,411.8800048828125,395.3361511230469
2023-04-21,412.20001220703125,395.643310546875
2023-04-24,412.6300048828125,396.0560302734375
2023-04-25,406.0799865722656,389.76910400390625
2023-04-26,404.3599853515625,388.1181945800781
2023-04-27,412.4100036621094,395.84478759765625
2023-04-28,415.92999267578125,399.2234802246094
2023-05-01,415.510009765625,398.8203125
2023-05-02,410.8399963378906,394.337890625
2023-05-03,408.0199890136719,391.6311950683594
2023-05-04,405.1300048828125,388.857177734375
2023-05-05,412.6300048828125,396.0560302734375
2023-05-08,412.739990234375,396.16156005859375
2023-05-09,410.92999267578125,394.42425537109375
2023-05-10,412.8500061035156,396.26708984375
2023-05-11,412.1300048828125,395.57611083984375
2023-05-12,411.5899963378906,395.0577392578125
2023-05-15,413.010009765625,396.4206848144531
2023-05-16,410.25,393.7716064453125
2023-05-17,415.2300109863281,398.551513671875
2023-05-18,419.2300109863281,402.3908996582031
2023-05-19,418.6199951171875,401.8053283691406
2023-05-22,418.7900085449219,401.968505859375
2023-05-23,414.0899963378906,397.4573059082031
2023-05-24,411.0899963378906,394.57781982421875
2023-05-25,414.6499938964844,397.99481201171875
2023-05-26,420.0199890136719,403.1491394042969
2023-05-30,420.17999267578125,403.3027038574219
2023-05-31,417.8500061035156,401.0663146972656
2023-06-01,421.82000732421875,404.8768615722656
2023-06-02,427.9200134277344,410.7318420410156
2023-06-05,427.1000061035156,409.9447937011719
2023-06-06,428.0299987792969,410.83740234375
2023-06-07,426.54998779296875,409.4168701171875
2023-06-08,429.1300048828125,411.8931884765625
2023-06-09,429.8999938964844,412.63232421875
2023-06-12,433.79998779296875,416.3756408691406
2023-06-13,436.6600036621094,419.1207275390625
2023-06-14,437.17999267578125,419.6198425292969
2023-06-15,442.6000061035156,424.82220458984375
2023-06-16,439.4599914550781,423.3751220703125
2023-06-20,437.17999267578125,421.17852783203125
2023-06-21,434.94000244140625,419.02056884765625
2023-06-22,436.510009765625,420.5331115722656
2023-06-23,433.2099914550781,417.3538818359375
2023-06-26,431.44000244140625,415.648681640625
2023-06-27,436.1700134277344,420.20556640625
2023-06-28,436.3900146484375,420.41754150390625
2023-06-29,438.1099853515625,422.0745544433594
2023-06-30,443.2799987792969,427.0553283691406
2023-07-03,443.7900085449219,427.5467224121094
2023-07-05,443.1300048828125,426.9107971191406
2023-07-06,439.6600036621094,423.56781005859375
2023-07-07,438.54998779296875,422.4983825683594
2023-07-10,439.6600036621094,423.56781005859375
2023-07-11,442.4599914550781,426.26531982421875
2023-07-12,446.0199890136719,429.695068359375
2023-07-13,449.55999755859375,433.10540771484375
2023-07-14,449.2799987792969,432.835693359375
2023-07-17,450.8399963378906,434.3386535644531
2023-07-18,454.19000244140625,437.5660095214844
2023-07-19,455.20001220703125,438.5390319824219
2023-07-20,452.17999267578125,435.62957763671875
2023-07-21,452.17999267578125,435.62957763671875
2023-07-24,454.20001220703125,437.5756530761719
2023-07-25,455.44000244140625,438.770263671875
2023-07-26,455.510009765625,438.8376770019531
2023-07-27,452.489990234375,435.9281921386719
2023-07-28,456.9200134277344,440.1961669921875
2023-07-31,457.7900085449219,441.03424072265625
2023-08-01,456.4800109863281,439.77215576171875
2023-08-02,450.1300048828125,433.65460205078125
2023-08-03,448.8399963378906,432.4118347167969
2023-08-04,446.80999755859375,430.4561462402344
2023-08-07,450.7099914550781,434.21337890625
2023-08-08,448.75,432.32513427734375
2023-08-09,445.75,429.4349365234375
2023-08-10,445.9100036621094,429.589111328125
2023-08-11,445.6499938964844,429.3385925292969
2023-08-14,448.1099853515625,431.7085266113281
2023-08-15,442.8900146484375,426.6795959472656
2023-08-16,439.6400146484375,423.548583984375
2023-08-17,436.2900085449219,420.3211669921875
2023-08-18,436.5,420.52349853515625
2023-08-21,439.3399963378906,423.259521484375
2023-08-22,438.1499938964844,422.1130676269531
2023-08-23,443.0299987792969,426.814453125
2023-08-24,436.8900146484375,420.8992614746094
2023-08-25,439.9700012207031,423.866455078125
2023-08-28,442.760009765625,426.5543212890625
2023-08-29,449.1600036621094,432.7201843261719
2023-08-30,451.010009765625,434.50244140625
2023-08-31,450.3500061035156,433.8665771484375
2023-09-01,451.19000244140625,434.6758117675781
2023-09-05,449.239990234375,432.79718017578125
2023-09-06,446.2200012207031,429.8877258300781
2023-09-07,444.8500061035156,428.5678405761719
2023-09-08,445.5199890136719,429.21331787109375
2023-09-11,448.45001220703125,432.03619384765625
2023-09-12,445.989990234375,429.6661376953125
2023-09-13,446.510009765625,430.1671142578125
2023-09-14,450.3599853515625,433.8761901855469
2023-09-15,443.3699951171875,428.6487121582031
2023-09-18,443.6300048828125,428.9001159667969
2023-09-19,442.7099914550781,428.0106506347656
2023-09-20,438.6400146484375,424.0757751464844
2023-09-21,431.3900146484375,417.0665283203125
2023-09-22,430.4200134277344,416.128662109375
2023-09-25,432.2300109863281,417.8786315917969
2023-09-26,425.8800048828125,411.7394104003906
2023-09-27,426.04998779296875,411.90380859375
2023-09-28,428.5199890136719,414.2917785644531
2023-09-29,427.4800109863281,413.28631591796875
2023-10-02,427.30999755859375,413.1219787597656
2023-10-03,421.5899963378906,407.59185791015625
2023-10-04,424.6600036621094,410.5599670410156
2023-10-05,424.5,410.4052429199219
2023-10-06,429.5400085449219,415.27789306640625
2023-10-09,432.2900085449219,417.93658447265625
2023-10-10,434.5400085449219,420.1119384765625
2023-10-11,436.32000732421875,421.83282470703125
2023-10-12,433.6600036621094,419.2611083984375
2023-10-13,431.5,417.17279052734375
2023-10-16,436.0400085449219,421.5621032714844
2023-10-17,436.0199890136719,421.542724609375
2023-10-18,430.2099914550781,415.9256591796875
2023-10-19,426.42999267578125,412.2711486816406
2023-10-20,421.19000244140625,407.2052307128906
2023-10-23,420.4599914550781,406.4993591308594
2023-10-24,423.6300048828125,409.5641174316406
2023-10-25,417.54998779296875,403.6860046386719
2023-10-26,412.54998779296875,398.8520202636719
2023-10-27,410.67999267578125,397.0440979003906
2023-10-30,415.5899963378906,401.7911376953125
2023-10-31,418.20001220703125,404.3144226074219
2023-11-01,422.6600036621094,408.6263732910156
2023-11-02,430.760009765625,416.4574279785156
2023-11-03,434.69000244140625,420.2569580078125
2023-11-06,435.69000244140625,421.22369384765625
2023-11-07,436.92999267578125,422.4225769042969
2023-11-08,437.25,422.7319030761719
2023-11-09,433.8399963378906,419.4351501464844
2023-11-10,440.6099853515625,425.9803771972656
2023-11-13,440.19000244140625,425.5743103027344
2023-11-14,448.7300109863281,433.83074951171875
2023-11-15,449.67999267578125,434.7491760253906
2023-11-16,450.2300109863281,435.2809143066406
2023-11-17,450.7900085449219,435.8223571777344
2023-11-20,454.260009765625,439.1771545410156
2023-11-21,453.2699890136719,438.2200012207031
2023-11-22,455.0199890136719,439.9118957519531
2023-11-24,455.29998779296875,440.18255615234375
2023-11-27,454.4800109863281,439.3898620605469
2023-11-28,454.92999267578125,439.8248596191406
2023-11-29,454.6099853515625,439.5154724121094
2023-11-30,456.3999938964844,441.2460632324219
2023-12-01,459.1000061035156,443.8564453125
2023-12-04,456.69000244140625,441.5264892578125
2023-12-05,456.6000061035156,441.43951416015625
2023-12-06,454.760009765625,439.6605529785156
2023-12-07,458.2300109863281,443.01531982421875
2023-12-08,460.20001220703125,444.9198913574219
2023-12-11,461.989990234375,446.6505126953125
2023-12-12,464.1000061035156,448.6903991699219
2023-12-13,470.5,454.8779602050781
2023-12-14,472.010009765625,456.3377685546875
2023-12-15,469.3299865722656,455.5863952636719
2023-12-18,471.9700012207031,458.1491394042969
2023-12-19,474.8399963378906,460.9350891113281
2023-12-20,468.260009765625,454.5478210449219
2023-12-21,472.70001220703125,458.8577575683594
2023-12-22,473.6499938964844,459.7799072265625
2023-12-26,475.6499938964844,461.72137451171875
2023-12-27,476.510009765625,462.5561828613281
2023-12-28,476.69000244140625,462.7309265136719
2023-12-29,475.30999755859375,461.3913269042969
2024-01-02,472.6499938964844,458.8092346191406
2024-01-03,468.7900085449219,455.0622863769531
2024-01-04,467.2799987792969,453.5964660644531
2024-01-05,467.9200134277344,454.2177429199219
2024-01-08,474.6000061035156,460.7021179199219
2024-01-09,473.8800048828125,460.003173828125
2024-01-10,476.55999755859375,462.6047058105469
2024-01-11,476.3500061035156,462.40087890625
2024-01-12,476.67999267578125,462.7211608886719
2024-01-16,474.92999267578125,461.0224914550781
2024-01-17,472.2900085449219,458.459716796875
2024-01-18,476.489990234375,462.5367431640625
2024-01-19,482.42999267578125,468.3028259277344
2024-01-22,483.45001220703125,469.29296875
2024-01-23,484.8599853515625,470.6617126464844
2024-01-24,485.3900146484375,471.17608642578125
2024-01-25,488.0299987792969,473.73883056640625
2024-01-26,487.4100036621094,473.136962890625
2024-01-29,491.2699890136719,476.8839416503906
2024-01-30,490.8900146484375,476.5151062011719
2024-01-31,482.8800048828125,468.7396545410156
2024-02-01,489.20001220703125,474.87457275390625
2024-02-02,494.3500061035156,479.873779296875
2024-02-05,492.54998779296875,478.12646484375
2024-02-06,493.9800109863281,479.5146789550781
2024-02-07,498.1000061035156,483.513916015625
2024-02-08,498.32000732421875,483.72747802734375
2024-02-09,501.20001220703125,486.5231628417969
2024-02-12,500.9800109863281,486.3096008300781
2024-02-13,494.0799865722656,479.6116943359375
2024-02-14,498.57000732421875,483.9701843261719
2024-02-15,502.010009765625,487.3094482421875
2024-02-16,499.510009765625,484.88262939453125
2024-02-20,496.760009765625,482.21319580078125
2024-02-21,497.2099914550781,482.6500244140625
2024-02-22,507.5,492.638671875
2024-02-23,507.8500061035156,492.97845458984375
2024-02-26,505.989990234375,491.1728820800781
2024-02-27,506.92999267578125,492.08538818359375
2024-02-28,506.260009765625,491.4350280761719
2024-02-29,508.0799865722656,493.2016906738281
2024-03-01,512.8499755859375,497.83197021484375
2024-03-04,512.2999877929688,497.2981262207031
2024-03-05,507.17999267578125,492.3280944824219
2024-03-06,509.75,494.8227844238281
2024-03-07,514.8099975585938,499.734619140625
2024-03-08,511.7200012207031,496.7351379394531
2024-03-11,511.2799987792969,496.3079833984375
2024-03-12,516.780029296875,501.64697265625
2024-03-13,515.969970703125,500.8606872558594
2024-03-14,514.9500122070312,499.8705139160156
2024-03-15,509.8299865722656,496.4381103515625
2024-03-18,512.8599853515625,499.3885192871094
2024-03-19,515.7100219726562,502.1636962890625
2024-03-20,520.47998046875,506.80841064453125
2024-03-21,522.2000122070312,508.48321533203125
2024-03-22,521.2100219726562,507.5192565917969
2024-03-25,519.77001953125,506.1170959472656
2024-03-26,518.8099975585938,505.1822204589844
2024-03-27,523.1699829101562,509.427734375
2024-03-28,523.0700073242188,509.3303527832031
2024-04-01,522.1599731445312,508.4442443847656
2024-04-02,518.8400268554688,505.21148681640625
2024-04-03,519.4099731445312,505.7664794921875
2024-04-04,513.0700073242188,499.5930480957031
2024-04-05,518.4299926757812,504.8122253417969
2024-04-08,518.719970703125,505.0946044921875
2024-04-09,519.3200073242188,505.6788024902344
2024-04-10,514.1199951171875,500.615478515625
2024-04-11,518.0,504.39349365234375
2024-04-12,510.8500061035156,497.4313049316406
2024-04-15,504.45001220703125,491.1994323730469
2024-04-16,503.5299987792969,490.3035583496094
2024-04-17,500.54998779296875,487.4018249511719
2024-04-18,499.5199890136719,486.3989562988281
2024-04-19,495.1600036621094,482.1534423828125
2024-04-22,499.7200012207031,486.59368896484375
2024-04-23,505.6499938964844,492.367919921875
2024-04-24,505.4100036621094,492.1342468261719
2024-04-25,503.489990234375,490.2646789550781
2024-04-26,508.260009765625,494.9093933105469
2024-04-29,510.05999755859375,496.662109375
2024-04-30,501.9800109863281,488.79437255859375
2024-05-01,500.3500061035156,487.2071838378906
2024-05-02,505.0299987792969,491.76422119140625
2024-05-03,511.2900085449219,497.85986328125
2024-05-06,516.5700073242188,503.0010986328125
2024-05-07,517.1400146484375,503.5561218261719
2024-05-08,517.1900024414062,503.60479736328125
2024-05-09,520.1699829101562,506.5065002441406
2024-05-10,520.8400268554688,507.1589050292969
2024-05-13,520.9099731445312,507.22705078125
2024-05-14,523.2999877929688,509.5543518066406
2024-05-15,529.780029296875,515.8641357421875
2024-05-16,528.6900024414062,514.8027954101562
2024-05-17,529.4500122070312,515.5427856445312
2024-05-20,530.0599975585938,516.1368408203125
2024-05-21,531.3599853515625,517.4026489257812
2024-05-22,529.8300170898438,515.912841796875
2024-05-23,525.9600219726562,512.1445922851562
2024-05-24,529.4400024414062,515.5330200195312
2024-05-28,529.8099975585938,515.893310546875
2024-05-29,526.0999755859375,512.2807006835938
2024-05-30,522.6099853515625,508.8824462890625
2024-05-31,527.3699951171875,513.5173950195312
2024-06-03,527.7999877929688,513.9360961914062
2024-06-04,528.3900146484375,514.5106811523438
2024-06-05,534.6699829101562,520.6256103515625
2024-06-06,534.6599731445312,520.6159057617188
2024-06-07,534.010009765625,519.98291015625
2024-06-10,535.6599731445312,521.589599609375
2024-06-11,536.9500122070312,522.8458251953125
2024-06-12,541.3599853515625,527.1398315429688
2024-06-13,542.4500122070312,528.2013549804688
2024-06-14,542.780029296875,528.5226440429688
2024-06-17,547.0999755859375,532.7291259765625
2024-06-18,548.489990234375,534.0826416015625
2024-06-20,547.0,532.6317749023438
2024-06-21,544.510009765625,531.917724609375
2024-06-24,542.739990234375,530.1885986328125
2024-06-25,544.8300170898438,532.2303466796875
2024-06-26,545.510009765625,532.89453125
2024-06-27,546.3699951171875,533.7346801757812
2024-06-28,544.219970703125,531.6343994140625
2024-07-01,545.3400268554688,532.728515625
2024-07-02,549.010009765625,536.3135375976562
2024-07-03,551.4600219726562,538.7069702148438
2024-07-05,554.6400146484375,541.8135375976562
2024-07-08,555.280029296875,542.4386596679688
2024-07-09,555.8200073242188,542.9661865234375
2024-07-10,561.3200073242188,548.3389282226562
2024-07-11,556.47998046875,543.61083984375
2024-07-12,559.989990234375,547.0397338867188
2024-07-15,561.530029296875,548.5441284179688
2024-07-16,564.8599853515625,551.7970581054688
2024-07-17,556.9400024414062,544.0601806640625
2024-07-18,552.6599731445312,539.8792724609375
2024-07-19,548.989990234375,536.2940063476562
2024-07-22,554.6500244140625,541.8231811523438
2024-07-23,553.780029296875,540.9732666015625
2024-07-24,541.22998046875,528.7135009765625
2024-07-25,538.4099731445312,525.958740234375
2024-07-26,544.4400024414062,531.8492431640625
2024-07-29,544.760009765625,532.161865234375
2024-07-30,542.0,529.4657592773438
2024-07-31,550.8099975585938,538.072021484375
2024-08-01,543.010009765625,530.4523315429688
2024-08-02,532.9000244140625,520.5762329101562
2024-08-05,517.3800048828125,505.4151611328125
2024-08-06,522.1500244140625,510.0747985839844
2024-08-07,518.6599731445312,506.66546630859375
2024-08-08,530.6500244140625,518.3782348632812
2024-08-09,532.989990234375,520.6641235351562
2024-08-12,533.27001953125,520.9376220703125
2024-08-13,542.0399780273438,529.5048217773438
2024-08-14,543.75,531.1752319335938
2024-08-15,553.0700073242188,540.27978515625
2024-08-16,554.3099975585938,541.4910888671875
2024-08-19,559.6099853515625,546.6683959960938
2024-08-20,558.7000122070312,545.779541015625
2024-08-21,560.6199951171875,547.6552124023438
2024-08-22,556.219970703125,543.3568725585938
2024-08-23,562.1300048828125,549.1302490234375
2024-08-26,560.7899780273438,547.8212280273438
2024-08-27,561.5599975585938,548.5734252929688
2024-08-28,558.2999877929688,545.3887939453125
2024-08-29,558.3499755859375,545.4375610351562
2024-08-30,563.6799926757812,550.6444091796875
2024-09-03,552.0800170898438,539.312744140625
2024-09-04,550.9500122070312,538.2088012695312
2024-09-05,549.6099853515625,536.8997192382812
2024-09-06,540.3599853515625,527.8636474609375
2024-09-09,546.4099731445312,533.7738037109375
2024-09-10,548.7899780273438,536.0987548828125
2024-09-11,554.4199829101562,541.5985107421875
2024-09-12,559.0900268554688,546.1605834960938
2024-09-13,562.010009765625,549.0130615234375
2024-09-16,562.8400268554688,549.8237915039062
2024-09-17,563.0700073242188,550.0484619140625
2024-09-18,561.4000244140625,548.4171142578125
2024-09-19,570.97998046875,557.7754516601562
2024-09-20,568.25,556.8113403320312
2024-09-23,569.6699829101562,558.2027587890625
2024-09-24,571.2999877929688,559.7999267578125
2024-09-25,570.0399780273438,558.5653076171875
2024-09-26,572.2999877929688,560.77978515625
2024-09-27,571.469970703125,559.9664916992188
2024-09-30,573.760009765625,562.2103881835938
2024-10-01,568.6199951171875,557.1739501953125
2024-10-02,568.8599853515625,557.4090576171875
2024-10-03,567.8200073242188,556.3899536132812
2024-10-04,572.97998046875,561.4461059570312
2024-10-07,567.7999877929688,556.370361328125
2024-10-08,573.1699829101562,561.6322631835938
2024-10-09,577.1400146484375,565.5224609375
2024-10-10,576.1300048828125,564.5327758789062
2024-10-11,579.5800170898438,567.913330078125
2024-10-14,584.3200073242188,572.5578002929688
2024-10-15,579.780029296875,568.1093139648438
2024-10-16,582.2999877929688,570.5784912109375
2024-10-17,582.3499755859375,570.6275024414062
2024-10-18,584.5900268554688,572.8224487304688
2024-10-21,583.6300048828125,571.8817138671875
2024-10-22,583.3200073242188,571.5780029296875
2024-10-23,577.989990234375,566.3552856445312
2024-10-24,579.239990234375,567.5802001953125
2024-10-25,579.0399780273438,567.384033203125
2024-10-28,580.8300170898438,569.13818359375
2024-10-29,581.77001953125,570.0592041015625
2024-10-30,580.010009765625,568.3346557617188
2024-10-31,568.6400146484375,557.1935424804688
2024-11-01,571.0399780273438,559.5451049804688
2024-11-04,569.8099975585938,558.3399047851562
2024-11-05,576.7000122070312,565.0913696289062
2024-11-06,591.0399780273438,579.142578125
2024-11-07,595.6099853515625,583.62060546875
2024-11-08,598.1900024414062,586.148681640625
2024-11-11,598.760009765625,586.7072143554688
2024-11-12,596.9000244140625,584.8847045898438
2024-11-13,597.1900024414062,585.1688842773438
2024-11-14,593.3499755859375,581.4061279296875
2024-11-15,585.75,573.958984375
2024-11-18,588.1500244140625,576.310791015625
2024-11-19,590.2999877929688,578.4174194335938
2024-11-20,590.5,578.6134643554688
2024-11-21,593.6699829101562,581.7196044921875
2024-11-22,595.510009765625,583.5226440429688
2024-11-25,597.530029296875,585.501953125
2024-11-26,600.6500244140625,588.5591430664062
2024-11-27,598.8300170898438,586.7757568359375
2024-11-29,602.5499877929688,590.4208374023438
2024-12-02,603.6300048828125,591.4791870117188
2024-12-03,603.9099731445312,591.7534790039062
2024-12-04,607.6599731445312,595.4280395507812
2024-12-05,606.6599731445312,594.4481811523438
2024-12-06,607.8099975585938,595.5750122070312
2024-12-09,604.6799926757812,592.5079956054688
2024-12-10,602.7999877929688,590.6658935546875
2024-12-11,607.4600219726562,595.2321166992188
2024-12-12,604.3300170898438,592.1651000976562
2024-12-13,604.2100219726562,592.0474853515625
2024-12-16,606.7899780273438,594.575439453125
2024-12-17,604.2899780273438,592.1259155273438
2024-12-18,586.280029296875,574.4784545898438
2024-12-19,586.0999755859375,574.3020629882812
2024-12-20,591.1500244140625,581.199951171875
2024-12-23,594.6900024414062,584.6803588867188
2024-12-24,601.2999877929688,591.1790771484375
2024-12-26,601.3400268554688,591.218505859375
2024-12-27,595.010009765625,584.9950561523438
2024-12-30,588.219970703125,578.3192138671875
2024-12-31,586.0800170898438,576.2152099609375
2025-01-02,584.6400146484375,574.7996215820312
2025-01-03,591.9500122070312,581.9865112304688
2025-01-06,595.3599853515625,585.3390502929688
2025-01-07,588.6300048828125,578.7223510742188
2025-01-08,589.489990234375,579.5678100585938
2025-01-10,580.489990234375,570.7192993164062
2025-01-13,581.3900146484375,571.604248046875
2025-01-14,582.1900024414062,572.3907470703125
2025-01-15,592.780029296875,582.8025512695312
2025-01-16,591.6400146484375,581.6817626953125
2025-01-17,597.5800170898438,587.5217895507812
2025-01-21,603.0499877929688,592.8995971679688
2025-01-22,606.4400024414062,596.2326049804688
2025-01-23,609.75,599.4868774414062
2025-01-24,607.969970703125,597.73681640625
2025-01-27,599.3699951171875,589.2816162109375
2025-01-28,604.52001953125,594.3449096679688
2025-01-29,601.8099975585938,591.6804809570312
2025-01-30,605.0399780273438,594.8560791015625
2025-01-31,601.8200073242188,591.6903076171875
2025-02-03,597.77001953125,587.70849609375
2025-02-04,601.780029296875,591.6510009765625
2025-02-05,604.219970703125,594.0499267578125
2025-02-06,606.3200073242188,596.1145629882812
2025-02-07,600.77001953125,590.6580200195312
2025-02-10,604.8499755859375,594.6692504882812
2025-02-11,605.3099975585938,595.1216430664062
2025-02-12,603.3599853515625,593.2044677734375
2025-02-13,609.72998046875,599.4672241210938
2025-02-14,609.7000122070312,599.437744140625
2025-02-18,611.489990234375,601.1976318359375
2025-02-19,612.9299926757812,602.61328125
2025-02-20,610.3800048828125,600.1062622070312
2025-02-21,599.9400024414062,589.8419189453125
2025-02-24,597.2100219726562,587.157958984375
2025-02-25,594.239990234375,584.2379760742188
2025-02-26,594.5399780273438,584.5328369140625
2025-02-27,585.0499877929688,575.2025146484375
2025-02-28,594.1799926757812,584.178955078125
2025-03-03,583.77001953125,573.9441528320312
2025-03-04,576.8599853515625,567.1504516601562
2025-03-05,583.0599975585938,573.2460327148438
2025-03-06,572.7100219726562,563.0703125
2025-03-07,575.9199829101562,566.2261962890625
2025-03-10,560.5800170898438,551.1445922851562
2025-03-11,555.9199829101562,546.5628662109375
2025-03-12,558.8699951171875,549.4632568359375
2025-03-13,551.4199829101562,542.138671875
2025-03-14,562.8099975585938,553.3369140625
2025-03-17,567.1500244140625,557.6038818359375
2025-03-18,561.02001953125,551.5770263671875
2025-03-19,567.1300048828125,557.584228515625
2025-03-20,565.489990234375,555.9718627929688
2025-03-21,563.97998046875,556.1552734375
2025-03-24,574.0800170898438,566.1151733398438
2025-03-25,575.4600219726562,567.4759521484375
2025-03-26,568.5900268554688,560.7013549804688
2025-03-27,567.0800170898438,559.2123413085938
2025-03-28,555.6599731445312,547.95068359375
2025-03-31,559.3900146484375,551.6289672851562
2025-04-01,560.969970703125,553.18701171875
2025-04-02,564.52001953125,556.687744140625
2025-04-03,536.7000122070312,529.2537841796875
2025-04-04,505.2799987792969,498.2696838378906
2025-04-07,504.3800048828125,497.3822021484375
2025-04-08,496.4800109863281,489.5917663574219
2025-04-09,548.6199951171875,541.0084838867188
2025-04-10,524.5800170898438,517.3018798828125
2025-04-11,533.9400024414062,526.531982421875
2025-04-14,539.1199951171875,531.64013671875
2025-04-15,537.6099853515625,530.1511840820312
2025-04-16,525.6599731445312,518.3668823242188
2025-04-17,526.4099731445312,519.1064453125
2025-04-21,513.8800048828125,506.7503662109375
2025-04-22,527.25,519.9348754882812
2025-04-23,535.4199829101562,527.9915161132812
2025-04-24,546.6900024414062,539.1051635742188
2025-04-25,550.6400146484375,543.0003051757812
2025-04-28,550.8499755859375,543.2073974609375
2025-04-29,554.3200073242188,546.6292724609375
2025-04-30,554.5399780273438,546.8462524414062
2025-05-01,558.469970703125,550.7216186523438
2025-05-02,566.760009765625,558.8966674804688
2025-05-05,563.510009765625,555.69189453125
2025-05-06,558.7999877929688,551.047119140625
2025-05-07,561.1500244140625,553.364501953125
2025-05-08,565.0599975585938,557.2202758789062
2025-05-09,564.3400268554688,556.5103149414062
2025-05-12,582.989990234375,574.9015502929688
2025-05-13,586.8400268554688,578.6981201171875
2025-05-14,587.5900268554688,579.437744140625
2025-05-15,590.4600219726562,582.2678833007812
2025-05-16,594.2000122070312,585.9560546875
2025-05-19,594.8499755859375,586.5969848632812
2025-05-20,592.8499755859375,584.6246948242188
2025-05-21,582.8599853515625,574.7733764648438
2025-05-22,583.0900268554688,575.0001831054688
2025-05-23,579.1099853515625,571.0753173828125
2025-05-27,591.1500244140625,582.9483642578125
2025-05-28,587.72998046875,579.5757446289062
2025-05-29,590.0499877929688,581.8635864257812
2025-05-30,589.3900146484375,581.2127075195312
2025-06-02,592.7100219726562,584.4867553710938
2025-06-03,596.0900268554688,587.8197631835938
2025-06-04,595.9299926757812,587.6619873046875
2025-06-05,593.0499877929688,584.8218994140625
2025-06-06,599.1400146484375,590.8274536132812
2025-06-09,599.6799926757812,591.3599243164062
2025-06-10,603.0800170898438,594.7127685546875
2025-06-11,601.3599853515625,593.0166015625
2025-06-12,603.75,595.3734741210938
2025-06-13,597.0,588.7171630859375
2025-06-16,602.6799926757812,594.318359375
2025-06-17,597.530029296875,589.2398681640625
2025-06-18,597.4400024414062,589.1510009765625
2025-06-20,594.280029296875,587.7673950195312
2025-06-23,600.1500244140625,593.5730590820312
2025-06-24,606.780029296875,600.13037109375
2025-06-25,607.1199951171875,600.4666748046875
2025-06-26,611.8699951171875,605.1646118164062
2025-06-27,614.9099731445312,608.1712646484375
2025-06-30,617.8499755859375,611.0791015625
2025-07-01,617.6500244140625,610.8812866210938
2025-07-02,620.4500122070312,613.650634765625
2025-07-03,625.3400268554688,618.4869995117188
2025-07-07,620.6799926757812,613.8780517578125
2025-07-08,620.3400268554688,613.5418090820312
2025-07-09,624.0599975585938,617.2210083007812
2025-07-10,625.8200073242188,618.9617309570312
2025-07-11,623.6199951171875,616.7858276367188
2025-07-14,624.8099975585938,617.9628295898438
2025-07-15,622.1400146484375,615.3220825195312
2025-07-16,624.219970703125,617.3792724609375
2025-07-17,628.0399780273438,621.1573486328125
2025-07-18,627.5800170898438,620.7024536132812
2025-07-21,628.77001953125,621.87939453125
2025-07-22,628.8599853515625,621.9684448242188
2025-07-23,634.2100219726562,627.2598266601562
2025-07-24,634.4199829101562,627.4674072265625
2025-07-25,637.0999755859375,630.1181030273438
2025-07-28,636.9400024414062,629.9598388671875
2025-07-29,635.260009765625,628.29833984375
2025-07-30,634.4600219726562,627.5070190429688
2025-07-31,632.0800170898438,625.153076171875
2025-08-01,621.719970703125,614.9066162109375
2025-08-04,631.1699829101562,624.2530517578125
2025-08-05,627.969970703125,621.088134765625
2025-08-06,632.780029296875,625.845458984375
2025-08-07,632.25,625.3212280273438
2025-08-08,637.1799926757812,630.1972045898438
2025-08-11,635.9199829101562,628.9510498046875
2025-08-12,642.6900024414062,635.6468505859375
2025-08-13,644.8900146484375,637.8228149414062
2025-08-14,644.9500122070312,637.882080078125
2025-08-15,643.4400024414062,636.388671875
2025-08-18,643.2999877929688,636.2501220703125
2025-08-19,639.8099975585938,632.7984008789062
2025-08-20,638.1099853515625,631.116943359375
2025-08-21,635.5499877929688,628.5851440429688
2025-08-22,645.3099975585938,638.2381591796875
2025-08-25,642.469970703125,635.4292602539062
2025-08-26,645.1599731445312,638.0897827148438
2025-08-27,646.6300048828125,639.543701171875
2025-08-28,648.9199829101562,641.80859375
2025-08-29,645.0499877929688,637.98095703125
2025-09-02,640.27001953125,633.25341796875
2025-09-03,643.739990234375,636.6853637695312
2025-09-04,649.1199951171875,642.0064086914062
2025-09-05,647.239990234375,640.1469116210938
2025-09-08,648.8300170898438,641.7196044921875
2025-09-09,650.3300170898438,643.203125
2025-09-10,652.2100219726562,645.0625
2025-09-11,657.6300048828125,650.4231567382812
2025-09-12,657.4099731445312,650.2054443359375
2025-09-15,660.9099731445312,653.6671752929688
2025-09-16,660.0,652.76708984375
2025-09-17,659.1799926757812,651.9561157226562
2025-09-18,662.260009765625,655.00244140625
2025-09-19,663.7000122070312,658.2465209960938
2025-09-22,666.8400268554688,661.3606567382812
2025-09-23,663.2100219726562,657.7606201171875
2025-09-24,661.0999755859375,655.6677856445312
2025-09-25,658.0499877929688,652.6429443359375
2025-09-26,661.8200073242188,656.3819580078125
2025-09-29,663.6799926757812,658.2266845703125
2025-09-30,666.1799926757812,660.7061157226562
2025-10-01,668.4500122070312,662.95751953125
2025-10-02,669.219970703125,663.7210693359375
2025-10-03,669.2100219726562,663.7112426757812
2025-10-06,671.6099853515625,666.0914916992188
2025-10-07,669.1199951171875,663.6219482421875
2025-10-08,673.1099853515625,667.5791625976562
2025-10-09,671.1599731445312,665.6452026367188
2025-10-10,653.02001953125,647.6542358398438
2025-10-13,663.0399780273438,657.5919189453125
2025-10-14,662.22998046875,656.78857421875
2025-10-15,665.1699829101562,659.7044067382812
2025-10-16,660.6400146484375,655.2117309570312
2025-10-17,664.3900146484375,658.9308471679688
2025-10-20,671.2999877929688,665.7840576171875
2025-10-21,671.2899780273438,665.7741088867188
2025-10-22,667.7999877929688,662.3128051757812
2025-10-23,671.760009765625,666.2402954101562
2025-10-24,677.25,671.6851806640625
2025-10-27,685.239990234375,679.6094970703125
2025-10-28,687.0599975585938,681.41455078125
2025-10-29,687.3900146484375,681.7418823242188
2025-10-30,679.8300170898438,674.2439575195312
2025-10-31,682.0599975585938,676.4556274414062
2025-11-03,683.3400268554688,677.7251586914062
2025-11-04,675.239990234375,669.6917114257812
2025-11-05,677.5800170898438,672.0125122070312
2025-11-06,670.3099975585938,664.8021850585938
2025-11-07,670.969970703125,665.4567260742188
2025-11-10,681.4400024414062,675.8407592773438
2025-11-11,683.0,677.3878784179688
2025-11-12,683.3800048828125,677.7647705078125
2025-11-13,672.0399780273438,666.5179443359375
2025-11-14,671.9299926757812,666.408935546875
2025-11-17,665.6699829101562,660.2002563476562
2025-11-18,660.0800170898438,654.65625
2025-11-19,662.6300048828125,657.185302734375
2025-11-20,652.530029296875,647.1683349609375
2025-11-21,659.030029296875,653.6148681640625
2025-11-24,668.72998046875,663.2351684570312
2025-11-25,675.02001953125,669.4734497070312
2025-11-26,679.6799926757812,674.09521484375
2025-11-28,683.3900146484375,677.7747192382812
2025-12-01,680.27001953125,674.6803588867188
2025-12-02,681.530029296875,675.9300537109375
2025-12-03,683.8900146484375,678.2706298828125
2025-12-04,684.3900146484375,678.7665405273438
2025-12-05,685.6900024414062,680.0557861328125
2025-12-08,683.6300048828125,678.0127563476562
2025-12-09,683.0399780273438,677.4275512695312
2025-12-10,687.5700073242188,681.92041015625
2025-12-11,689.1699829101562,683.5072021484375
2025-12-12,681.760009765625,676.1580810546875
2025-12-15,680.72998046875,675.1365356445312
2025-12-16,678.8699951171875,673.2918701171875
2025-12-17,671.4000244140625,665.8832397460938
2025-12-18,676.469970703125,670.9114990234375
2025-12-19,680.5900268554688,676.9923095703125
2025-12-22,684.8300170898438,681.2098388671875
2025-12-23,687.9600219726562,684.3233032226562
2025-12-24,690.3800048828125,686.7305297851562
2025-12-26,690.3099975585938,686.660888671875
2025-12-29,687.8499755859375,684.2138671875
2025-12-30,687.010009765625,683.3782958984375
2025-12-31,681.9199829101562,678.3152465820312
2026-01-02,683.1699829101562,679.55859375
2026-01-05,687.719970703125,684.0845947265625
2026-01-06,691.8099975585938,688.1529541015625
2026-01-07,689.5800170898438,685.9347534179688
2026-01-08,689.510009765625,685.8651123046875
2026-01-09,694.0700073242188,690.4010009765625
2026-01-12,695.1599731445312,691.4852294921875
2026-01-13,693.77001953125,690.1026000976562
2026-01-14,690.3599853515625,686.7105712890625
2026-01-15,692.239990234375,688.5806884765625
2026-01-16,691.6599731445312,688.0037231445312
2026-01-20,677.5800170898438,673.9981689453125
2026-01-21,685.4000244140625,681.77685546875
2026-01-22,688.97998046875,685.3379516601562
2026-01-23,689.22998046875,685.5865478515625
2026-01-26,692.72998046875,689.068115234375
2026-01-27,695.489990234375,691.8134765625
2026-01-28,695.4199829101562,691.7438354492188
2026-01-29,694.0399780273438,690.3711547851562
2026-01-30,691.969970703125,688.3121337890625
2026-02-02,695.4099731445312,691.73388671875
2026-02-03,689.530029296875,685.885009765625
2026-02-04,686.1900024414062,682.5626831054688
2026-02-05,677.6199951171875,674.0379638671875
2026-02-06,690.6199951171875,686.96923828125
2026-02-09,693.9500122070312,690.2816162109375
2026-02-10,692.1199951171875,688.4613037109375
2026-02-11,691.9600219726562,688.3021850585938
2026-02-12,681.27001953125,677.668701171875
2026-02-13,681.75,678.1461181640625
2026-02-17,682.8499755859375,679.2402954101562
2026-02-18,686.2899780273438,682.662109375
2026-02-19,684.47998046875,680.8616943359375
2026-02-20,689.4299926757812,685.7855834960938
2026-02-23,682.3900146484375,678.7827758789062
2026-02-24,687.3499755859375,683.7164916992188
2026-02-25,693.1500244140625,689.4859008789062
2026-02-26,689.2999877929688,685.6561889648438
2026-02-27,685.989990234375,682.3637084960938
2026-03-02,686.3800048828125,682.7516479492188
2026-03-03,680.3300170898438,676.7337036132812
2026-03-04,685.1300048828125,681.50830078125
2026-03-05,681.3099975585938,677.7084350585938
2026-03-06,672.3800048828125,668.8256225585938
2026-03-09,678.27001953125,674.6845092773438
2026-03-10,677.1799926757812,673.6002807617188
2026-03-11,676.3300170898438,672.7548217773438
2026-03-12,666.0599975585938,662.5390625
2026-03-13,662.2899780273438,658.7890014648438
2026-03-16,669.030029296875,665.493408203125
2026-03-17,670.7899780273438,667.2440185546875
2026-03-18,661.4299926757812,657.9335327148438
2026-03-19,659.7999877929688,656.3121337890625
2026-03-20,648.5700073242188,646.9034423828125
2026-03-23,655.3800048828125,653.6959228515625
2026-03-24,653.1799926757812,651.5015869140625
2026-03-25,656.8200073242188,655.1322021484375
2026-03-26,645.0900268554688,643.432373046875
2026-03-27,634.0900268554688,632.4606323242188
2026-03-30,631.969970703125,630.3460693359375
2026-03-31,650.3400268554688,648.6688842773438
2026-04-01,655.239990234375,653.5562744140625
2026-04-02,655.8300170898438,654.144775390625
2026-04-06,658.9299926757812,657.23681640625
2026-04-07,659.219970703125,657.5260009765625
2026-04-08,676.010009765625,674.27294921875
2026-04-09,679.9099731445312,678.162841796875
2026-04-10,679.4600219726562,677.7140502929688
2026-04-13,686.0999755859375,684.3369750976562
2026-04-14,694.4600219726562,692.675537109375
2026-04-15,699.9400024414062,698.1414184570312
2026-04-16,701.6599731445312,699.8569946289062
2026-04-17,710.1400146484375,708.3152465820312
2026-04-20,708.719970703125,706.8988037109375
2026-04-21,704.0800170898438,702.2708129882812
2026-04-22,711.2100219726562,709.3825073242188
2026-04-23,708.4500122070312,706.6295776367188
2026-04-24,713.9400024414062,712.10546875
2026-04-27,715.1699829101562,713.332275390625
2026-04-28,711.6900024414062,709.8612060546875
2026-04-29,711.5800170898438,709.7515258789062
2026-04-30,718.6599731445312,716.8132934570312
2026-05-01,720.6500244140625,718.7982177734375
2026-05-04,718.010009765625,716.1649780273438
2026-05-05,723.77001953125,721.9102172851562
2026-05-06,733.8300170898438,731.9443359375
2026-05-07,731.5800170898438,729.7001342773438
2026-05-08,737.6199951171875,735.724609375
2026-05-11,739.2999877929688,737.4002685546875
2026-05-12,738.1799926757812,736.2831420898438
2026-05-13,742.3099975585938,740.4025268554688
2026-05-14,748.1699829101562,746.2474975585938
2026-05-15,739.1699829101562,737.2706298828125
2026-05-18,738.6500244140625,736.751953125
2026-05-19,733.72998046875,731.8446044921875
2026-05-20,741.25,739.3452758789062
2026-05-21,742.719970703125,740.8114624023438
2026-05-22,745.6400146484375,743.7239990234375
2026-05-26,750.5900268554688,748.6613159179688
2026-05-27,750.4600219726562,748.5316162109375
2026-05-28,754.5999755859375,752.6609497070312
2026-05-29,756.47998046875,754.5361328125
2026-06-01,758.5399780273438,756.5908203125
2026-06-02,759.5700073242188,757.6182250976562
2026-06-03,754.239990234375,752.3018798828125
2026-06-04,757.0900268554688,755.1445922851562
2026-06-05,737.5499877929688,735.65478515625
2026-06-08,739.219970703125,737.3204345703125
2026-06-09,737.0499877929688,735.1560668945312
2026-06-10,725.4299926757812,723.56591796875
2026-06-11,737.760009765625,735.8642578125
2026-06-12,741.75,739.843994140625
2026-06-15,754.8300170898438,752.890380859375
2026-06-16,750.3300170898438,748.4019775390625
2026-06-17,740.9600219726562,739.0560302734375
2026-06-18,746.739990234375,746.739990234375
2026-06-22,744.3900146484375,744.3900146484375
2026-06-23,733.5800170898438,733.5800170898438
2026-06-24,733.239990234375,733.239990234375
2026-06-25,734.2999877929688,734.2999877929688
2026-06-26,728.989990234375,728.989990234375
2026-06-29,741.0,741.0
2026-06-30,746.77001953125,746.77001953125
2026-07-01,745.760009765625,745.760009765625
2026-07-02,744.780029296875,744.780029296875
2026-07-06,751.280029296875,751.280029296875
2026-07-07,747.7100219726562,747.7100219726562
2026-07-08,745.4000244140625,745.4000244140625
2026-07-09,751.7100219726562,751.7100219726562
2026-07-10,754.9500122070312,754.9500122070312
